job_id,job_status,runtime
J1_5429_2111,FINISHED,00:08:47.0
J1_1066_2111,FINISHED,00:13:12.0
J1_8108_2111,FINISHED,00:06:07.0
J1_5775_2111,FINISHED,00:33:09.0
J1_2407_2111,FINISHED,00:52:51.0
J1_7756_2111,ERROR,01:14:38.0
J1_6570_2111,FINISHED,00:12:16.0
J1_2789_2111,FINISHED,00:01:57.0
J1_1430_2111,FINISHED,00:15:58.0
J1_5772_2111,FINISHED,00:04:15.0
J1_6232_2111,FINISHED,00:20:51.0
J1_7644_2111,FINISHED,00:18:55.0
J1_618_2111,FINISHED,00:18:52.0
J1_6117_2111,FINISHED,00:02:54.0
J1_3217_2111,FINISHED,00:03:05.0
J1_672_2111,FINISHED,00:03:50.0
J1_4949_2111,FINISHED,00:01:29.0
J1_8495_2111,FINISHED,00:06:56.0
J1_1562_2111,FINISHED,00:34:18.0
J1_7335_2111,FINISHED,00:11:45.0
J1_3811_2111,FINISHED,00:08:42.0
J1_5905_2111,FINISHED,00:06:04.0
J1_8743_2111,FINISHED,00:12:18.0
J1_6540_2111,FINISHED,00:14:21.0
J1_2034_2111,FINISHED,00:37:14.0
J1_3173_2111,FINISHED,00:19:33.0
J1_9481_2111,FINISHED,00:06:41.0
J1_8352_2111,FINISHED,00:08:28.0
J1_7850_2111,FINISHED,00:01:55.0
J1_2798_2111,FINISHED,00:13:33.0
J1_4013_2111,FINISHED,00:50:51.0
J1_5526_2111,FINISHED,00:05:31.0
J1_7069_2111,FINISHED,00:08:21.0
J1_2934_2111,FINISHED,00:03:41.0
J1_9662_2111,FINISHED,00:03:06.0
J1_2992_2111,FINISHED,00:09:40.0
J1_5860_2111,FINISHED,00:02:23.0
J1_9243_2111,FINISHED,00:21:43.0
J1_4043_2111,FINISHED,00:15:49.0
J1_3114_2111,FINISHED,02:05:38.0
J1_1018_2111,FINISHED,00:25:18.0
J1_5432_2111,FINISHED,00:02:14.0
J1_8684_2111,FINISHED,00:02:03.0
J1_6659_2111,FINISHED,00:14:20.0
J1_7916_2111,FINISHED,00:04:47.0
J1_2677_2111,FINISHED,00:17:46.0
J1_6558_2111,FINISHED,00:26:16.0
J1_6666_2111,FINISHED,00:13:19.0
J1_5010_2111,FINISHED,00:24:45.0
J1_1137_2111,FINISHED,00:03:34.0
J1_1922_2111,FINISHED,00:17:19.0
J1_4921_2111,FINISHED,00:19:14.0
J1_8253_2111,FINISHED,00:01:49.0
J1_470_2111,FINISHED,00:01:36.0
J1_423_2111,FINISHED,00:02:03.0
J1_5635_2111,FINISHED,00:11:47.0
J1_7184_2111,FINISHED,00:08:02.0
J1_15_2111,FINISHED,00:11:23.0
J1_8295_2111,FINISHED,00:03:33.0
J1_2509_2111,FINISHED,00:07:39.0
J1_9418_2111,FINISHED,00:23:36.0
J1_1888_2111,FINISHED,00:04:56.0
J1_6492_2111,FINISHED,00:49:50.0
J1_6244_2111,FINISHED,00:21:00.0
J1_2797_2111,FINISHED,00:21:18.0
J1_9025_2111,FINISHED,00:00:56.0
J1_4275_2111,FINISHED,00:21:52.0
J1_1290_2111,FINISHED,00:20:07.0
J1_988_2111,FINISHED,00:11:55.0
J1_8273_2111,FINISHED,00:01:01.0
J1_3145_2111,FINISHED,00:02:33.0
J1_5652_2111,FINISHED,00:03:05.0
J1_449_2111,FINISHED,00:23:05.0
J1_4630_2111,FINISHED,00:03:19.0
J1_1527_2111,FINISHED,00:22:19.0
J1_534_2111,FINISHED,01:02:34.0
J1_4075_2111,FINISHED,00:33:04.0
J1_3201_2111,FINISHED,00:02:50.0
J1_8499_2111,FINISHED,00:16:21.0
J1_3336_2111,FINISHED,00:10:33.0
J1_306_2111,FINISHED,00:31:05.0
J1_1514_2111,FINISHED,01:05:17.0
J1_1350_2111,FINISHED,00:04:51.0
J1_9723_2111,FINISHED,00:02:58.0
J1_466_2111,FINISHED,00:11:26.0
J1_222_2111,FINISHED,00:05:02.0
J1_1513_2111,FINISHED,00:11:23.0
J1_7558_2111,FINISHED,00:03:16.0
J1_5620_2111,FINISHED,00:22:14.0
J1_5788_2111,FINISHED,00:01:44.0
J1_5604_2111,FINISHED,00:05:06.0
J1_3779_2111,FINISHED,00:14:41.0
J1_1683_2111,FINISHED,00:06:49.0
J1_9378_2111,FINISHED,00:22:49.0
J1_7591_2111,FINISHED,00:01:52.0
J1_6874_2111,FINISHED,00:02:56.0
J1_3842_2111,FINISHED,00:02:33.0
J1_6632_2111,FINISHED,00:37:43.0
J1_853_2111,FINISHED,00:28:35.0
J1_1852_2111,FINISHED,00:09:00.0
J1_3514_2111,FINISHED,00:18:04.0
J1_1362_2111,FINISHED,00:02:08.0
J1_3383_2111,FINISHED,00:16:26.0
J1_9231_2111,FINISHED,00:05:32.0
J1_7014_2111,FINISHED,00:03:47.0
J1_8908_2111,FINISHED,00:02:07.0
J1_3055_2111,FINISHED,00:17:32.0
J1_4536_2111,FINISHED,00:13:39.0
J1_5708_2111,FINISHED,00:26:50.0
J1_4799_2111,FINISHED,00:42:17.0
J1_7579_2111,FINISHED,00:03:55.0
J1_5046_2111,FINISHED,00:02:37.0
J1_1780_2111,FINISHED,00:03:57.0
J1_701_2111,FINISHED,01:07:40.0
J1_2917_2111,FINISHED,00:05:40.0
J1_1725_2111,FINISHED,00:17:55.0
J1_923_2111,FINISHED,00:01:40.0
J1_1136_2111,FINISHED,00:14:42.0
J1_6984_2111,FINISHED,00:04:28.0
J1_4559_2111,FINISHED,00:04:44.0
J1_525_2111,FINISHED,00:15:21.0
J1_3276_2111,FINISHED,00:50:05.0
J1_187_2111,FINISHED,00:04:13.0
J1_6220_2111,FINISHED,00:08:49.0
J1_5907_2111,FINISHED,00:09:17.0
J1_8887_2111,FINISHED,00:07:45.0
J1_8920_2111,FINISHED,01:19:06.0
J1_2442_2111,FINISHED,00:04:22.0
J1_5121_2111,FINISHED,01:37:04.0
J1_2527_2111,FINISHED,00:19:33.0
J1_333_2111,FINISHED,00:11:57.0
J1_530_2111,FINISHED,00:01:42.0
J1_3711_2111,FINISHED,00:03:51.0
J1_6211_2111,FINISHED,00:02:39.0
J1_837_2111,FINISHED,00:24:44.0
J1_4600_2111,FINISHED,00:02:17.0
J1_2856_2111,FINISHED,00:07:11.0
J1_6815_2111,FINISHED,00:25:41.0
J1_452_2111,FINISHED,00:51:24.0
J1_6149_2111,FINISHED,00:03:12.0
J1_7847_2111,FINISHED,00:10:54.0
J1_2508_2111,FINISHED,00:16:13.0
J1_641_2111,FINISHED,00:07:23.0
J1_5884_2111,FINISHED,00:15:46.0
J1_9691_2111,FINISHED,00:04:44.0
J1_1151_2111,FINISHED,00:05:48.0
J1_1767_2111,FINISHED,00:19:40.0
J1_1426_2111,FINISHED,00:08:38.0
J1_5753_2111,FINISHED,00:05:58.0
J1_4886_2111,FINISHED,00:15:36.0
J1_8350_2111,FINISHED,00:16:14.0
J1_9426_2111,FINISHED,00:11:04.0
J1_751_2111,FINISHED,00:04:48.0
J1_6392_2111,FINISHED,00:06:50.0
J1_8260_2111,FINISHED,00:05:41.0
J1_7116_2111,FINISHED,00:02:54.0
J1_8460_2111,FINISHED,00:15:58.0
J1_4571_2111,FINISHED,00:02:51.0
J1_3371_2111,FINISHED,01:02:43.0
J1_1451_2111,FINISHED,00:29:22.0
J1_770_2111,FINISHED,00:04:09.0
J1_8886_2111,FINISHED,00:15:54.0
J1_2481_2111,FINISHED,00:07:49.0
J1_1726_2111,FINISHED,00:07:16.0
J1_2408_2111,FINISHED,00:25:05.0
J1_2017_2111,FINISHED,00:07:42.0
J1_3528_2111,FINISHED,00:11:01.0
J1_9608_2111,FINISHED,00:25:33.0
J1_2924_2111,FINISHED,00:09:22.0
J1_7773_2111,FINISHED,00:19:00.0
J1_6236_2111,FINISHED,00:10:18.0
J1_4375_2111,FINISHED,00:30:17.0
J1_1894_2111,FINISHED,00:05:56.0
J1_3449_2111,FINISHED,00:11:32.0
J1_9780_2111,FINISHED,00:36:04.0
J1_6427_2111,FINISHED,01:24:44.0
J1_9743_2111,FINISHED,00:33:52.0
J1_9753_2111,FINISHED,00:15:25.0
J1_9798_2111,FINISHED,00:28:38.0
J1_9785_2111,FINISHED,00:37:15.0
J1_2241_2111,FINISHED,00:53:50.0
J1_9742_2111,FINISHED,03:08:38.0
J1_9759_2111,FINISHED,00:21:16.0
J1_9783_2111,FINISHED,00:16:57.0
J1_7937_2111,FINISHED,00:42:43.0
J1_9793_2111,FINISHED,00:23:53.0
J1_8376_2111,FINISHED,00:34:27.0
J1_9771_2111,FINISHED,00:26:49.0
J1_7440_2111,FINISHED,00:32:13.0
J1_5341_2111,FINISHED,00:39:20.0
J1_9761_2111,FINISHED,00:16:24.0
J1_9792_2111,FINISHED,00:22:56.0
J1_9807_2111,FINISHED,00:28:58.0
J1_9791_2111,FINISHED,00:11:37.0
J1_9757_2111,FINISHED,00:25:01.0
J1_744_2111,FINISHED,01:00:21.0
J1_103_2111,FINISHED,01:00:36.0
J1_1447_2111,FINISHED,00:44:14.0
J1_9795_2111,FINISHED,00:22:57.0
J1_6205_2111,FINISHED,00:22:18.0
J1_414_2111,FINISHED,00:26:07.0
J1_5212_2111,FINISHED,00:19:26.0
J1_9790_2111,FINISHED,00:45:36.0
J1_9797_2111,FINISHED,00:41:53.0
J1_1072_2111,FINISHED,00:26:30.0
J1_9756_2111,FINISHED,00:42:30.0
J1_271_2111,FINISHED,00:55:15.0
J1_2158_2111,FINISHED,00:29:22.0
J1_9808_2111,FINISHED,00:20:53.0
J1_1337_2111,FINISHED,00:27:26.0
J1_6997_2111,FINISHED,03:28:22.0
J1_873_2111,FINISHED,02:47:38.0
J1_6476_2111,FINISHED,03:04:57.0
J1_1086_2111,FINISHED,07:59:21.0
J1_4578_2111,FINISHED,00:33:27.0
J1_5324_2111,FINISHED,00:19:34.0
J1_9749_2111,FINISHED,00:16:38.0
J1_9770_2111,FINISHED,02:21:38.0
J1_7739_2111,FINISHED,00:24:49.0
J1_4688_2111,FINISHED,00:14:33.0
J1_8549_2111,FINISHED,00:44:13.0
J1_9744_2111,FINISHED,00:50:06.0
J1_5833_2111,FINISHED,00:35:47.0
J1_6607_2111,FINISHED,00:33:55.0
J1_2500_2111,FINISHED,00:42:20.0
J1_9773_2111,FINISHED,00:25:19.0
J1_9776_2111,FINISHED,00:13:36.0
J1_258_2111,ERROR,00:00:03.0
J1_6827_2111,FINISHED,00:28:04.0
J1_9806_2111,FINISHED,00:15:21.0
J1_8625_2111,FINISHED,01:32:39.0
J1_2720_2111,FINISHED,00:27:02.0
J1_4598_2111,FINISHED,00:31:27.0
J1_9796_2111,FINISHED,00:36:06.0
J1_4576_2111,FINISHED,00:32:47.0
J1_9748_2111,FINISHED,00:28:48.0
J1_9786_2111,FINISHED,00:48:43.0
J1_9768_2111,FINISHED,00:37:17.0
J1_4844_2111,FINISHED,00:59:56.0
J1_9778_2111,FINISHED,00:19:18.0
J1_7631_2111,FINISHED,00:55:15.0
J1_6278_2111,FINISHED,00:19:20.0
J1_5110_2111,FINISHED,00:46:23.0
J1_9774_2111,FINISHED,00:46:59.0
J1_9758_2111,FINISHED,00:23:29.0
J1_3695_2111,FINISHED,00:38:00.0
J1_99_2111,FINISHED,00:33:54.0
J1_5647_2111,FINISHED,00:32:13.0
J1_9764_2111,FINISHED,00:19:28.0
J1_9695_2111,FINISHED,00:18:44.0
J1_9760_2111,FINISHED,00:21:55.0
J1_4982_2111,FINISHED,00:24:30.0
J1_9782_2111,FINISHED,00:35:32.0
J1_9752_2111,FINISHED,00:35:32.0
J1_9772_2111,FINISHED,00:17:02.0
J1_1998_2111,FINISHED,00:48:27.0
J1_6748_2111,FINISHED,00:28:45.0
J1_2930_2111,FINISHED,00:57:02.0
J1_6177_2111,ERROR,00:00:04.0
J1_9779_2111,FINISHED,00:20:01.0
J1_1803_2111,FINISHED,02:05:48.0
J1_9645_2111,FINISHED,01:16:15.0
J1_9755_2111,FINISHED,00:17:27.0
J1_9803_2111,FINISHED,00:31:03.0
J1_9789_2111,FINISHED,00:35:15.0
J1_2308_2111,FINISHED,00:56:31.0
J1_9802_2111,FINISHED,00:16:56.0
J1_9766_2111,FINISHED,00:46:03.0
J1_8960_2111,FINISHED,00:29:26.0
J1_9754_2111,FINISHED,00:13:22.0
J1_5740_2111,FINISHED,00:33:46.0
J1_9804_2111,FINISHED,00:13:33.0
J1_9799_2111,FINISHED,00:27:46.0
J1_2657_2111,FINISHED,00:33:44.0
J1_5218_2111,FINISHED,00:50:32.0
J1_2653_2111,FINISHED,00:34:53.0
J1_9741_2111,FINISHED,00:12:43.0
J1_9765_2111,FINISHED,00:30:31.0
J1_3826_2111,FINISHED,05:04:15.0
J1_9777_2111,FINISHED,01:02:03.0
J1_9746_2111,FINISHED,00:50:12.0
J1_9560_2111,FINISHED,03:21:08.0
J1_9784_2111,FINISHED,00:10:53.0
J1_6344_2111,FINISHED,00:49:32.0
J1_3325_2111,FINISHED,00:37:05.0
J1_9801_2111,FINISHED,00:38:17.0
J1_7799_2111,FINISHED,00:28:34.0
J1_2292_2111,FINISHED,00:46:56.0
J1_4552_2111,FINISHED,00:43:29.0
J1_9747_2111,FINISHED,00:30:23.0
J1_8524_2111,FINISHED,00:48:48.0
J1_1410_2111,FINISHED,00:30:30.0
J1_8447_2111,FINISHED,00:17:52.0
J1_9745_2111,FINISHED,00:19:58.0
J1_8458_2111,FINISHED,00:46:59.0
J1_2596_2111,FINISHED,00:35:19.0
J1_4567_2111,FINISHED,00:24:39.0
J1_9750_2111,FINISHED,00:27:41.0
J1_9800_2111,FINISHED,00:40:21.0
J1_3895_2111,FINISHED,00:32:02.0
J1_9762_2111,FINISHED,01:00:23.0
J1_3590_2111,FINISHED,00:44:51.0
J1_9763_2111,FINISHED,00:15:59.0
J1_9775_2111,FINISHED,00:13:02.0
J1_3568_2111,FINISHED,00:27:49.0
J1_1825_2111,FINISHED,00:21:15.0
J1_4639_2111,FINISHED,00:34:23.0
J1_9788_2111,FINISHED,00:34:47.0
J1_9767_2111,FINISHED,00:24:28.0
J1_9805_2111,FINISHED,00:54:10.0
J1_6876_2111,FINISHED,00:31:58.0
J1_9794_2111,FINISHED,00:44:00.0
J1_9787_2111,FINISHED,00:42:31.0
J1_7947_2111,FINISHED,01:07:55.0
J1_9751_2111,FINISHED,00:43:13.0
J1_776_2111,FINISHED,00:20:43.0
J1_455_2111,FINISHED,00:16:57.0
J1_9769_2111,FINISHED,00:46:49.0
J1_9809_2111,FINISHED,00:13:13.0
J1_9781_2111,FINISHED,00:18:05.0
J1_1768_2111,FINISHED,01:35:01.0
J1_295_2111,FINISHED,00:52:40.0
J1_9810_2111,FINISHED,01:41:05.0
J1_9811_2111,FINISHED,02:58:29.0
J1_9812_2111,FINISHED,03:01:07.0
J1_9813_2111,FINISHED,00:55:16.0
J1_9814_2111,FINISHED,00:58:25.0
J1_9815_2111,FINISHED,01:25:38.0
J1_9816_2111,FINISHED,01:19:06.0
J1_9817_2111,FINISHED,00:54:13.0
J1_9819_2111,FINISHED,01:41:51.0
J1_9820_2111,FINISHED,02:13:12.0
J1_9821_2111,FINISHED,02:25:44.0
J1_9822_2111,FINISHED,00:48:30.0
J1_9823_2111,FINISHED,02:36:18.0
J1_9824_2111,FINISHED,02:00:12.0
J1_9825_2111,FINISHED,00:56:19.0
J1_9826_2111,FINISHED,01:05:16.0
J1_9827_2111,FINISHED,00:46:56.0
J1_9828_2111,FINISHED,00:51:22.0
J1_9829_2111,FINISHED,01:18:37.0
J1_9830_2111,FINISHED,01:02:10.0
J1_9831_2111,FINISHED,02:03:58.0
J1_9832_2111,FINISHED,01:52:30.0
J1_9833_2111,FINISHED,00:41:05.0
J1_9834_2111,FINISHED,02:47:16.0
J1_9835_2111,FINISHED,01:41:16.0
J1_9836_2111,FINISHED,01:03:56.0
J1_9837_2111,FINISHED,00:47:19.0
J1_9838_2111,FINISHED,00:41:01.0
J1_9839_2111,FINISHED,05:10:13.0
J1_9840_2111,FINISHED,04:42:05.0
J1_9842_2111,FINISHED,00:51:46.0
J1_9843_2111,FINISHED,02:23:53.0
J1_9844_2111,FINISHED,00:44:11.0
J1_9845_2111,FINISHED,00:37:23.0
J1_9846_2111,FINISHED,02:03:11.0
J1_9847_2111,FINISHED,00:29:24.0
J1_9848_2111,FINISHED,01:29:36.0
J1_9849_2111,FINISHED,00:24:49.0
J1_9850_2111,FINISHED,01:06:00.0
J1_9851_2111,FINISHED,01:03:57.0
J1_9853_2111,FINISHED,01:13:52.0
J1_9854_2111,FINISHED,00:35:03.0
J1_9855_2111,FINISHED,01:30:53.0
J1_9856_2111,FINISHED,00:37:54.0
J1_9857_2111,FINISHED,01:08:25.0
J1_9858_2111,FINISHED,01:04:03.0
J1_9859_2111,FINISHED,01:45:22.0
J1_9860_2111,FINISHED,01:13:57.0
J1_9861_2111,FINISHED,01:33:21.0
J1_9862_2111,FINISHED,00:46:27.0
J1_9863_2111,FINISHED,03:27:55.0
J1_9864_2111,FINISHED,00:46:13.0
J1_9865_2111,FINISHED,00:52:42.0
J1_9866_2111,FINISHED,01:55:06.0
J1_9867_2111,FINISHED,00:51:29.0
J1_9868_2111,FINISHED,02:12:47.0
J1_9869_2111,FINISHED,01:06:52.0
J1_9870_2111,FINISHED,01:07:06.0
J1_9871_2111,FINISHED,02:40:02.0
J1_9872_2111,FINISHED,01:14:28.0
J1_9874_2111,FINISHED,03:33:35.0
J1_9875_2111,FINISHED,02:36:56.0
J1_9876_2111,FINISHED,01:59:28.0
J1_9877_2111,FINISHED,00:56:38.0
J1_9878_2111,FINISHED,00:32:08.0
J1_9879_2111,FINISHED,01:23:50.0
J1_9880_2111,FINISHED,01:30:55.0
J1_9882_2111,FINISHED,00:42:10.0
J1_9884_2111,FINISHED,00:59:54.0
J1_9885_2111,FINISHED,00:42:02.0
J1_9887_2111,FINISHED,01:45:41.0
J1_9888_2111,FINISHED,02:08:48.0
J1_9889_2111,FINISHED,01:59:25.0
J1_9890_2111,FINISHED,01:10:16.0
J1_9891_2111,FINISHED,01:30:20.0
J1_9892_2111,FINISHED,00:54:35.0
J1_9893_2111,FINISHED,11:15:39.0
J1_9894_2111,FINISHED,01:03:35.0
J1_9895_2111,FINISHED,03:03:42.0
J1_9896_2111,FINISHED,01:55:17.0
J1_9897_2111,FINISHED,02:27:45.0
J1_9899_2111,FINISHED,01:51:07.0
J1_9900_2111,FINISHED,04:09:47.0
J1_9901_2111,FINISHED,01:14:10.0
J1_9902_2111,FINISHED,00:52:17.0
J1_9903_2111,FINISHED,01:20:18.0
J1_9904_2111,FINISHED,01:01:33.0
J1_9905_2111,FINISHED,01:41:47.0
J1_9906_2111,FINISHED,02:05:15.0
J1_9907_2111,FINISHED,01:00:19.0
J1_9908_2111,FINISHED,01:10:01.0
J1_9909_2111,FINISHED,01:09:59.0
J1_9911_2111,FINISHED,01:04:59.0
J1_9912_2111,FINISHED,00:47:11.0
J1_9913_2111,FINISHED,00:37:26.0
J1_9914_2111,FINISHED,00:42:04.0
J1_9915_2111,FINISHED,01:02:09.0
J1_9916_2111,FINISHED,00:50:57.0
J1_9917_2111,FINISHED,00:35:38.0
J1_9918_2111,FINISHED,00:53:39.0
J1_9919_2111,FINISHED,00:38:47.0
J1_9920_2111,FINISHED,00:52:31.0
J1_9921_2111,FINISHED,00:46:02.0
J1_9922_2111,FINISHED,01:24:40.0
J1_9924_2111,FINISHED,01:24:52.0
J1_9925_2111,FINISHED,00:47:44.0
J1_9926_2111,FINISHED,01:45:50.0
J1_9928_2111,FINISHED,01:03:38.0
J1_9929_2111,FINISHED,02:30:05.0
J1_9930_2111,FINISHED,00:56:53.0
J1_9931_2111,FINISHED,00:59:38.0
J1_9932_2111,FINISHED,02:20:41.0
J1_9933_2111,FINISHED,02:44:23.0
J1_9934_2111,FINISHED,01:07:18.0
J1_9936_2111,ERROR,00:00:03.0
J1_9937_2111,FINISHED,01:00:56.0
J1_9938_2111,FINISHED,00:44:38.0
J1_9939_2111,FINISHED,00:59:24.0
J1_9941_2111,FINISHED,01:14:21.0
J1_9942_2111,FINISHED,01:26:32.0
J1_9943_2111,FINISHED,02:23:10.0
J1_9944_2111,FINISHED,01:30:09.0
J1_9945_2111,FINISHED,00:50:52.0
J1_9946_2111,FINISHED,01:00:44.0
J1_9947_2111,FINISHED,01:04:09.0
J1_9948_2111,FINISHED,02:55:05.0
J1_9949_2111,FINISHED,01:09:11.0
J1_9950_2111,FINISHED,00:44:48.0
J1_9952_2111,FINISHED,01:29:16.0
J1_9953_2111,FINISHED,01:34:30.0
J1_9954_2111,FINISHED,00:56:33.0
J1_9955_2111,FINISHED,01:51:53.0
J1_9956_2111,FINISHED,03:16:11.0
J1_9957_2111,FINISHED,00:47:51.0
J1_9958_2111,FINISHED,00:47:29.0
J1_9959_2111,FINISHED,01:08:57.0
J1_9962_2111,FINISHED,01:06:34.0
J1_9963_2111,FINISHED,00:52:02.0
J1_9964_2111,FINISHED,00:47:12.0
J1_9967_2111,FINISHED,01:56:30.0
J1_9968_2111,FINISHED,01:08:03.0
J1_9969_2111,FINISHED,01:16:52.0
J1_9971_2111,FINISHED,02:29:38.0
J1_9972_2111,FINISHED,02:47:50.0
J1_9973_2111,ERROR,04:06:26.0
J1_9974_2111,FINISHED,01:15:54.0
J1_9975_2111,FINISHED,00:45:57.0
J1_9976_2111,FINISHED,01:16:09.0
J1_9977_2111,FINISHED,00:48:17.0
J1_9978_2111,FINISHED,00:55:43.0
J1_9979_2111,FINISHED,01:00:12.0
J1_9980_2111,FINISHED,01:07:43.0
J1_9981_2111,FINISHED,00:41:23.0
J1_9982_2111,FINISHED,01:36:21.0
J1_9984_2111,FINISHED,02:45:45.0
J1_9985_2111,FINISHED,03:13:56.0
J1_9986_2111,FINISHED,00:39:20.0
J1_9987_2111,FINISHED,01:34:57.0
J1_9988_2111,FINISHED,04:55:10.0
J1_9989_2111,FINISHED,04:59:58.0
J1_9990_2111,FINISHED,01:20:51.0
J1_9991_2111,FINISHED,00:53:43.0
J1_9993_2111,FINISHED,00:36:25.0
J1_9994_2111,FINISHED,01:28:30.0
J1_9995_2111,FINISHED,00:59:16.0
J1_9996_2111,FINISHED,02:21:00.0
J1_9997_2111,FINISHED,00:29:59.0
J1_9998_2111,FINISHED,00:48:18.0
J1_9999_2111,FINISHED,01:27:52.0
J1_10000_2111,FINISHED,01:12:27.0
J1_10001_2111,FINISHED,01:07:35.0
J1_10002_2111,FINISHED,01:52:55.0
J1_10003_2111,FINISHED,00:51:23.0
J1_10004_2111,FINISHED,00:58:09.0
J1_10005_2111,FINISHED,00:48:48.0
J1_10007_2111,FINISHED,00:34:18.0
J1_10008_2111,FINISHED,00:39:27.0
J1_10010_2111,FINISHED,01:48:42.0
J1_10011_2111,FINISHED,00:54:48.0
J1_10012_2111,FINISHED,01:43:12.0
J1_10013_2111,FINISHED,01:38:15.0
J1_10014_2111,FINISHED,02:12:52.0
J1_10015_2111,FINISHED,00:56:40.0
J1_10016_2111,FINISHED,00:56:47.0
J1_10017_2111,FINISHED,02:35:22.0
J1_10018_2111,FINISHED,02:24:27.0
J1_10019_2111,FINISHED,02:03:31.0
J1_10020_2111,FINISHED,01:31:28.0
J1_10021_2111,FINISHED,01:00:47.0
J1_10022_2111,FINISHED,01:58:26.0
J1_10023_2111,FINISHED,00:54:40.0
J1_10025_2111,FINISHED,02:02:49.0
J1_10026_2111,FINISHED,01:05:55.0
J1_10027_2111,FINISHED,00:53:13.0
J1_10028_2111,FINISHED,01:10:49.0
J1_10030_2111,FINISHED,00:40:47.0
J1_10031_2111,FINISHED,01:18:02.0
J1_10032_2111,FINISHED,01:50:16.0
J1_10033_2111,FINISHED,00:40:46.0
J1_10034_2111,FINISHED,01:08:54.0
J1_10035_2111,FINISHED,00:54:24.0
J1_10036_2111,FINISHED,02:12:37.0
J1_10037_2111,FINISHED,00:56:38.0
J1_10038_2111,FINISHED,00:53:10.0
J1_10039_2111,FINISHED,01:00:03.0
J1_10040_2111,FINISHED,01:29:41.0
J1_10041_2111,FINISHED,01:06:37.0
J1_10042_2111,FINISHED,01:44:45.0
J1_10043_2111,FINISHED,06:38:53.0
J1_10044_2111,FINISHED,01:39:51.0
J1_10045_2111,FINISHED,00:49:13.0
J1_10046_2111,FINISHED,00:36:17.0
J1_10047_2111,FINISHED,01:05:11.0
J1_10048_2111,FINISHED,01:51:01.0
J1_10050_2111,FINISHED,01:55:16.0
J1_10051_2111,FINISHED,01:24:46.0
J1_10052_2111,FINISHED,01:12:01.0
J1_10053_2111,FINISHED,01:34:12.0
J1_10054_2111,FINISHED,01:39:07.0
J1_10055_2111,FINISHED,01:31:37.0
J1_10056_2111,FINISHED,01:53:43.0
J1_10058_2111,FINISHED,02:56:40.0
J1_10059_2111,FINISHED,00:56:15.0
J1_10060_2111,FINISHED,01:17:28.0
J1_10061_2111,FINISHED,00:59:03.0
J1_10062_2111,FINISHED,00:52:38.0
J1_10063_2111,FINISHED,02:38:25.0
J1_10064_2111,FINISHED,03:07:24.0
J1_10065_2111,FINISHED,01:17:51.0
J1_10066_2111,FINISHED,01:07:51.0
J1_10067_2111,FINISHED,00:47:23.0
J1_10068_2111,FINISHED,01:37:36.0
J1_10069_2111,FINISHED,01:24:40.0
J1_10070_2111,FINISHED,00:33:12.0
J1_10072_2111,FINISHED,00:50:00.0
J1_10073_2111,FINISHED,04:51:15.0
J1_10074_2111,FINISHED,02:12:10.0
J1_10075_2111,FINISHED,01:53:41.0
J1_10076_2111,FINISHED,01:06:54.0
J1_10077_2111,FINISHED,01:37:00.0
J1_10078_2111,FINISHED,07:03:11.0
J1_10079_2111,FINISHED,01:19:16.0
J1_10080_2111,FINISHED,01:00:42.0
J1_10081_2111,FINISHED,01:39:37.0
J1_10083_2111,FINISHED,02:03:35.0
J1_10084_2111,FINISHED,01:27:11.0
J1_10086_2111,FINISHED,03:15:20.0
J1_10088_2111,FINISHED,00:44:03.0
J1_10089_2111,FINISHED,01:03:22.0
J1_10090_2111,FINISHED,01:00:57.0
J1_10091_2111,FINISHED,01:33:11.0
J1_10092_2111,FINISHED,00:25:11.0
J1_10093_2111,FINISHED,05:51:39.0
J1_10094_2111,FINISHED,05:32:18.0
J1_10095_2111,FINISHED,01:15:36.0
J1_10096_2111,FINISHED,02:45:27.0
J1_10097_2111,FINISHED,00:28:50.0
J1_10098_2111,FINISHED,00:49:14.0
J1_10099_2111,FINISHED,02:32:48.0
J1_10100_2111,FINISHED,00:45:42.0
J1_10101_2111,FINISHED,02:32:03.0
J1_10102_2111,FINISHED,00:59:46.0
J1_10103_2111,FINISHED,02:07:27.0
J1_10105_2111,FINISHED,03:33:06.0
J1_10106_2111,FINISHED,00:48:01.0
J1_10107_2111,FINISHED,01:14:03.0
J1_10108_2111,FINISHED,00:42:16.0
J1_10109_2111,FINISHED,00:29:23.0
J1_10110_2111,FINISHED,00:35:47.0
J1_10111_2111,FINISHED,00:45:35.0
J1_10112_2111,FINISHED,01:13:56.0
J1_10113_2111,FINISHED,00:56:51.0
J1_10114_2111,FINISHED,01:14:09.0
J1_10115_2111,FINISHED,00:57:35.0
J1_10117_2111,FINISHED,01:42:18.0
J1_10118_2111,FINISHED,00:40:03.0
J1_10119_2111,FINISHED,01:45:02.0
J1_10120_2111,FINISHED,00:44:56.0
J1_10121_2111,FINISHED,01:04:31.0
J1_10122_2111,FINISHED,00:36:48.0
J1_10123_2111,FINISHED,09:01:14.0
J1_10124_2111,FINISHED,01:06:57.0
J1_10125_2111,FINISHED,01:11:32.0
J1_10126_2111,FINISHED,06:41:09.0
J1_10127_2111,FINISHED,00:35:58.0
J1_10128_2111,FINISHED,02:26:00.0
J1_10129_2111,FINISHED,00:23:02.0
J1_10132_2111,FINISHED,00:58:18.0
J1_10133_2111,FINISHED,00:59:52.0
J1_10134_2111,FINISHED,01:04:35.0
J1_10135_2111,FINISHED,00:52:56.0
J1_10136_2111,FINISHED,01:02:26.0
J1_10137_2111,FINISHED,01:16:02.0
J1_10138_2111,FINISHED,01:04:26.0
J1_10139_2111,FINISHED,00:54:33.0
J1_10140_2111,FINISHED,00:44:37.0
J1_10141_2111,FINISHED,00:42:11.0
J1_10142_2111,FINISHED,01:37:52.0
J1_10143_2111,FINISHED,00:36:37.0
J1_10144_2111,FINISHED,02:14:13.0
J1_10145_2111,FINISHED,01:01:27.0
J1_10146_2111,FINISHED,01:18:31.0
J1_10147_2111,FINISHED,00:39:39.0
J1_10148_2111,FINISHED,03:41:56.0
J1_10149_2111,FINISHED,01:06:51.0
J1_10150_2111,FINISHED,01:12:56.0
J1_10151_2111,FINISHED,00:59:03.0
J1_10152_2111,FINISHED,01:40:55.0
J1_10153_2111,FINISHED,00:57:16.0
J1_10154_2111,FINISHED,01:06:40.0
J1_10155_2111,FINISHED,01:16:42.0
J1_10156_2111,FINISHED,01:01:33.0
J1_10157_2111,FINISHED,00:40:59.0
J1_10158_2111,FINISHED,01:36:28.0
J1_10159_2111,FINISHED,00:48:45.0
J1_10161_2111,FINISHED,04:13:35.0
J1_10163_2111,FINISHED,01:32:10.0
J1_10164_2111,FINISHED,00:53:14.0
J1_10165_2111,FINISHED,01:14:24.0
J1_10166_2111,FINISHED,00:37:57.0
J1_10167_2111,FINISHED,01:20:53.0
J1_10168_2111,FINISHED,00:56:41.0
J1_10169_2111,FINISHED,02:07:29.0
J1_10170_2111,FINISHED,02:09:24.0
J1_10171_2111,FINISHED,00:59:53.0
J1_10172_2111,FINISHED,01:40:26.0
J1_10173_2111,FINISHED,01:09:50.0
J1_10174_2111,FINISHED,01:25:11.0
J1_10175_2111,FINISHED,01:03:16.0
J1_10176_2111,FINISHED,00:36:42.0
J1_10177_2111,FINISHED,01:08:45.0
J1_10178_2111,FINISHED,01:01:58.0
J1_10179_2111,FINISHED,00:51:59.0
J1_10180_2111,FINISHED,02:06:08.0
J1_10181_2111,FINISHED,01:23:33.0
J1_10182_2111,FINISHED,01:55:56.0
J1_10183_2111,FINISHED,03:02:33.0
J1_10184_2111,FINISHED,00:46:31.0
J1_10185_2111,FINISHED,02:30:05.0
J1_10186_2111,FINISHED,01:05:03.0
J1_10187_2111,FINISHED,00:52:07.0
J1_10188_2111,FINISHED,03:53:26.0
J1_10189_2111,FINISHED,01:53:53.0
J1_10191_2111,FINISHED,00:50:35.0
J1_10192_2111,FINISHED,01:31:30.0
J1_10193_2111,FINISHED,00:30:21.0
J1_10194_2111,FINISHED,00:55:03.0
J1_10195_2111,FINISHED,00:56:54.0
J1_10197_2111,FINISHED,00:49:26.0
J1_10199_2111,FINISHED,00:19:24.0
J1_10200_2111,FINISHED,02:34:38.0
J1_10201_2111,FINISHED,01:08:09.0
J1_10202_2111,FINISHED,01:04:17.0
J1_10203_2111,ERROR,04:38:16.0
J1_10204_2111,FINISHED,01:14:33.0
J1_10205_2111,FINISHED,00:53:11.0
J1_10207_2111,FINISHED,00:19:28.0
J1_10208_2111,FINISHED,01:20:58.0
J1_10209_2111,FINISHED,01:11:51.0
J1_10210_2111,FINISHED,00:33:11.0
J1_10211_2111,FINISHED,03:22:12.0
J1_10213_2111,FINISHED,01:23:08.0
J1_10214_2111,FINISHED,01:23:38.0
J1_10215_2111,FINISHED,00:49:21.0
J1_10216_2111,FINISHED,00:47:30.0
J1_10217_2111,FINISHED,01:11:43.0
J1_10219_2111,FINISHED,00:48:41.0
J1_10220_2111,FINISHED,00:58:51.0
J1_10221_2111,FINISHED,01:35:16.0
J1_10222_2111,FINISHED,01:16:33.0
J1_10225_2111,FINISHED,00:46:23.0
J1_10226_2111,FINISHED,01:50:47.0
J1_10227_2111,FINISHED,00:46:16.0
J1_10229_2111,FINISHED,00:42:36.0
J1_10230_2111,FINISHED,01:12:58.0
J1_10231_2111,FINISHED,00:57:34.0
J1_10232_2111,FINISHED,00:51:23.0
J1_10234_2111,FINISHED,02:08:22.0
J1_10235_2111,FINISHED,01:06:28.0
J1_10236_2111,FINISHED,00:37:00.0
J1_10237_2111,FINISHED,02:37:33.0
J1_10238_2111,FINISHED,01:32:24.0
J1_10239_2111,ERROR,02:49:59.0
J1_10240_2111,FINISHED,03:24:50.0
J1_10241_2111,FINISHED,01:33:21.0
J1_10242_2111,FINISHED,00:36:32.0
J1_10243_2111,FINISHED,00:55:28.0
J1_10244_2111,FINISHED,00:52:40.0
J1_10245_2111,FINISHED,01:09:12.0
J1_10246_2111,FINISHED,00:54:16.0
J1_10247_2111,FINISHED,02:23:10.0
J1_10248_2111,FINISHED,01:09:00.0
J1_10249_2111,FINISHED,00:32:59.0
J1_10250_2111,FINISHED,01:18:00.0
J1_10251_2111,FINISHED,01:31:57.0
J1_10252_2111,FINISHED,00:54:16.0
J1_10253_2111,FINISHED,02:55:33.0
J1_10254_2111,FINISHED,01:00:15.0
J1_10255_2111,FINISHED,01:09:41.0
J1_10256_2111,FINISHED,00:56:21.0
J1_10257_2111,FINISHED,00:45:05.0
J1_10258_2111,FINISHED,00:42:38.0
J1_10259_2111,FINISHED,04:29:00.0
J1_10261_2111,FINISHED,00:39:27.0
J1_10262_2111,FINISHED,01:43:25.0
J1_10264_2111,FINISHED,00:27:01.0
J1_10265_2111,FINISHED,01:12:10.0
J1_10266_2111,FINISHED,00:55:45.0
J1_10267_2111,FINISHED,03:34:20.0
J1_10268_2111,FINISHED,00:51:31.0
J1_10269_2111,FINISHED,00:53:20.0
J1_10272_2111,FINISHED,01:00:24.0
J1_10273_2111,FINISHED,00:57:45.0
J1_10274_2111,FINISHED,01:07:42.0
J1_10275_2111,FINISHED,00:53:53.0
J1_10276_2111,FINISHED,00:53:30.0
J1_10277_2111,FINISHED,00:41:43.0
J1_10278_2111,FINISHED,00:49:30.0
J1_10279_2111,FINISHED,01:40:30.0
J1_10281_2111,FINISHED,01:18:53.0
J1_10282_2111,FINISHED,01:04:24.0
J1_10284_2111,FINISHED,00:37:18.0
J1_10285_2111,FINISHED,00:50:57.0
J1_10287_2111,FINISHED,01:08:43.0
J1_10288_2111,FINISHED,01:09:36.0
J1_10289_2111,FINISHED,00:44:54.0
J1_10290_2111,FINISHED,01:12:49.0
J1_10291_2111,FINISHED,00:57:57.0
J1_10292_2111,FINISHED,01:47:11.0
J1_10293_2111,FINISHED,01:06:17.0
J1_10294_2111,FINISHED,00:51:02.0
J1_10295_2111,FINISHED,00:50:07.0
J1_10296_2111,FINISHED,01:53:46.0
J1_10297_2111,FINISHED,01:13:08.0
J1_10298_2111,FINISHED,00:47:51.0
J1_10299_2111,FINISHED,00:46:42.0
J1_10300_2111,FINISHED,01:01:09.0
J1_10301_2111,FINISHED,01:09:43.0
J1_10302_2111,FINISHED,00:54:01.0
J1_10303_2111,FINISHED,01:07:23.0
J1_10304_2111,FINISHED,00:54:20.0
J1_10305_2111,FINISHED,01:22:53.0
J1_10306_2111,FINISHED,02:00:04.0
J1_10307_2111,FINISHED,02:13:59.0
J1_10308_2111,FINISHED,02:03:15.0
J1_10309_2111,FINISHED,01:26:09.0
J1_10310_2111,FINISHED,02:39:47.0
J1_10311_2111,FINISHED,01:59:21.0
J1_10312_2111,FINISHED,01:06:04.0
J1_10313_2111,FINISHED,00:56:09.0
J1_10315_2111,FINISHED,11:26:43.0
J1_10316_2111,FINISHED,00:46:51.0
J1_10317_2111,FINISHED,00:50:12.0
J1_10318_2111,FINISHED,00:50:03.0
J1_10319_2111,FINISHED,01:01:49.0
J1_10320_2111,FINISHED,00:48:13.0
J1_10321_2111,FINISHED,01:07:59.0
J1_10322_2111,FINISHED,00:57:02.0
J1_10323_2111,FINISHED,00:48:08.0
J1_10324_2111,FINISHED,01:40:21.0
J1_10325_2111,FINISHED,00:30:30.0
J1_10326_2111,FINISHED,01:57:09.0
J1_10327_2111,FINISHED,01:04:53.0
J1_10328_2111,FINISHED,01:20:06.0
J1_10329_2111,FINISHED,01:22:12.0
J1_10331_2111,FINISHED,01:20:50.0
J1_10332_2111,ERROR,05:25:45.0
J1_10333_2111,FINISHED,00:45:54.0
J1_10334_2111,FINISHED,01:25:21.0
J1_10335_2111,FINISHED,01:43:10.0
J1_10336_2111,FINISHED,01:24:34.0
J1_10337_2111,FINISHED,01:46:32.0
J1_10338_2111,FINISHED,01:33:10.0
J1_10339_2111,FINISHED,01:06:53.0
J1_10340_2111,FINISHED,01:48:08.0
J1_10341_2111,FINISHED,01:32:45.0
J1_10342_2111,FINISHED,00:57:30.0
J1_10343_2111,FINISHED,00:46:20.0
J1_10344_2111,FINISHED,00:50:47.0
J1_10345_2111,FINISHED,01:19:57.0
J1_10346_2111,FINISHED,01:51:50.0
J1_10347_2111,FINISHED,01:05:36.0
J1_10348_2111,FINISHED,01:00:37.0
J1_10349_2111,FINISHED,01:39:39.0
J1_10350_2111,FINISHED,00:33:43.0
J1_10351_2111,FINISHED,00:44:53.0
J1_10352_2111,FINISHED,00:47:09.0
J1_10354_2111,FINISHED,01:05:44.0
J1_10355_2111,FINISHED,00:58:35.0
J1_10356_2111,FINISHED,02:55:38.0
J1_10357_2111,FINISHED,00:53:39.0
J1_10358_2111,FINISHED,00:55:34.0
J1_10360_2111,FINISHED,02:58:35.0
J1_10361_2111,FINISHED,05:11:55.0
J1_10362_2111,FINISHED,00:37:05.0
J1_10363_2111,FINISHED,01:00:49.0
J1_10364_2111,FINISHED,01:47:41.0
J1_10365_2111,FINISHED,02:07:21.0
J1_10366_2111,FINISHED,00:49:41.0
J1_10367_2111,FINISHED,01:26:31.0
J1_10368_2111,FINISHED,01:12:44.0
J1_10369_2111,FINISHED,01:23:12.0
J1_10370_2111,FINISHED,01:10:03.0
J1_10371_2111,FINISHED,00:48:54.0
J1_10372_2111,FINISHED,00:49:54.0
J1_10373_2111,FINISHED,01:16:58.0
J1_10374_2111,FINISHED,00:41:27.0
J1_10375_2111,FINISHED,02:11:00.0
J1_10376_2111,FINISHED,00:44:25.0
J1_10377_2111,FINISHED,01:39:08.0
J1_10378_2111,FINISHED,00:43:35.0
J1_10379_2111,FINISHED,01:14:19.0
J1_10380_2111,FINISHED,03:08:10.0
J1_10381_2111,FINISHED,01:49:44.0
J1_10382_2111,FINISHED,04:08:07.0
J1_10383_2111,FINISHED,00:42:40.0
J1_10384_2111,FINISHED,01:00:18.0
J1_10385_2111,FINISHED,00:50:33.0
J1_10387_2111,FINISHED,02:29:09.0
J1_10388_2111,FINISHED,01:36:25.0
J1_10389_2111,FINISHED,00:52:02.0
J1_10390_2111,FINISHED,00:51:44.0
J1_10391_2111,FINISHED,00:41:03.0
J1_10392_2111,FINISHED,02:07:46.0
J1_10393_2111,FINISHED,00:44:04.0
J1_10394_2111,FINISHED,01:57:26.0
J1_10395_2111,FINISHED,00:54:22.0
J1_10396_2111,FINISHED,01:55:25.0
J1_10397_2111,FINISHED,03:26:40.0
J1_10398_2111,FINISHED,01:46:36.0
J1_10399_2111,FINISHED,03:48:19.0
J1_10400_2111,FINISHED,00:49:08.0
J1_10401_2111,FINISHED,01:16:20.0
J1_10402_2111,FINISHED,01:41:19.0
J1_10403_2111,FINISHED,01:18:12.0
J1_10404_2111,FINISHED,00:52:57.0
J1_10405_2111,FINISHED,00:56:17.0
J1_10406_2111,FINISHED,01:10:26.0
J1_10407_2111,FINISHED,01:49:14.0
J1_10409_2111,FINISHED,01:05:33.0
J1_10410_2111,FINISHED,00:47:51.0
J1_10411_2111,FINISHED,01:03:32.0
J1_10412_2111,FINISHED,00:32:58.0
J1_10413_2111,FINISHED,01:34:04.0
J1_10414_2111,FINISHED,04:27:31.0
J1_10415_2111,FINISHED,01:17:36.0
J1_10417_2111,FINISHED,00:42:02.0
J1_10418_2111,FINISHED,03:23:53.0
J1_10419_2111,FINISHED,04:03:00.0
J1_10421_2111,FINISHED,01:46:34.0
J1_10422_2111,FINISHED,01:45:36.0
J1_10423_2111,FINISHED,01:23:37.0
J1_10424_2111,ERROR,00:45:31.0
J1_10425_2111,FINISHED,00:59:39.0
J1_10426_2111,FINISHED,03:31:36.0
J1_10428_2111,FINISHED,00:51:05.0
J1_10429_2111,FINISHED,02:18:45.0
J1_10430_2111,FINISHED,01:07:42.0
J1_10431_2111,FINISHED,00:41:19.0
J1_10432_2111,FINISHED,00:58:14.0
J1_10433_2111,FINISHED,03:15:11.0
J1_10434_2111,FINISHED,00:54:10.0
J1_10435_2111,FINISHED,00:54:16.0
J1_10436_2111,FINISHED,00:59:20.0
J1_10437_2111,FINISHED,01:07:27.0
J1_10438_2111,FINISHED,00:54:48.0
J1_10439_2111,FINISHED,02:43:36.0
J1_10441_2111,FINISHED,01:03:05.0
J1_10442_2111,FINISHED,02:56:37.0
J1_10444_2111,FINISHED,00:59:35.0
J1_10445_2111,FINISHED,02:02:39.0
J1_10447_2111,FINISHED,03:48:24.0
J1_10449_2111,FINISHED,00:30:42.0
J1_10450_2111,FINISHED,01:13:27.0
J1_10451_2111,FINISHED,01:14:20.0
J1_10452_2111,FINISHED,00:59:01.0
J1_10453_2111,FINISHED,01:04:42.0
J1_10456_2111,FINISHED,03:39:39.0
J1_10457_2111,FINISHED,02:14:12.0
J1_10458_2111,FINISHED,05:16:30.0
J1_10459_2111,FINISHED,09:10:38.0
J1_10460_2111,FINISHED,00:42:30.0
J1_10461_2111,FINISHED,01:28:17.0
J1_10463_2111,FINISHED,00:51:05.0
J1_10467_2111,FINISHED,00:44:11.0
J1_10468_2111,FINISHED,01:04:03.0
J1_10469_2111,FINISHED,01:16:31.0
J1_10470_2111,FINISHED,00:49:47.0
J1_10471_2111,FINISHED,01:05:48.0
J1_10472_2111,FINISHED,00:38:50.0
J1_10473_2111,FINISHED,02:26:21.0
J1_10474_2111,FINISHED,01:30:18.0
J1_10475_2111,FINISHED,01:19:05.0
J1_10476_2111,FINISHED,01:00:54.0
J1_10477_2111,FINISHED,00:45:53.0
J1_10478_2111,FINISHED,00:47:44.0
J1_10479_2111,FINISHED,02:09:52.0
J1_10480_2111,FINISHED,02:06:15.0
J1_10481_2111,FINISHED,02:25:13.0
J1_10482_2111,FINISHED,01:18:07.0
J1_10483_2111,FINISHED,00:40:26.0
J1_10484_2111,FINISHED,01:06:07.0
J1_10485_2111,FINISHED,01:17:40.0
J1_10486_2111,FINISHED,00:53:33.0
J1_10488_2111,FINISHED,00:50:52.0
J1_10490_2111,FINISHED,00:59:11.0
J1_10491_2111,FINISHED,00:46:19.0
J1_10492_2111,FINISHED,03:52:35.0
J1_10494_2111,FINISHED,00:50:34.0
J1_10495_2111,FINISHED,00:55:23.0
J1_10496_2111,FINISHED,03:47:38.0
J1_10497_2111,FINISHED,01:44:20.0
J1_10498_2111,FINISHED,01:35:29.0
J1_10499_2111,FINISHED,00:27:03.0
J1_10500_2111,FINISHED,02:31:34.0
J1_10501_2111,FINISHED,01:51:18.0
J1_10502_2111,FINISHED,01:06:33.0
J1_10503_2111,FINISHED,01:26:02.0
J1_10504_2111,FINISHED,02:07:13.0
J1_10505_2111,FINISHED,03:58:53.0
J1_10506_2111,FINISHED,02:48:01.0
J1_10507_2111,FINISHED,00:46:46.0
J1_10508_2111,FINISHED,01:19:36.0
J1_10509_2111,FINISHED,00:40:55.0
J1_10510_2111,FINISHED,01:42:17.0
J1_10511_2111,FINISHED,01:56:42.0
J1_10512_2111,FINISHED,01:16:48.0
J1_10513_2111,FINISHED,01:38:51.0
J1_10514_2111,FINISHED,02:21:39.0
J1_10515_2111,FINISHED,03:00:58.0
J1_10516_2111,FINISHED,00:37:20.0
J1_10517_2111,FINISHED,04:39:27.0
J1_10518_2111,FINISHED,00:43:57.0
J1_10519_2111,FINISHED,00:57:04.0
J1_10520_2111,FINISHED,01:42:17.0
J1_10521_2111,FINISHED,03:06:42.0
J1_10522_2111,FINISHED,01:46:43.0
J1_10523_2111,FINISHED,05:33:21.0
J1_10524_2111,ERROR,00:00:04.0
J1_10525_2111,FINISHED,01:46:28.0
J1_10526_2111,FINISHED,00:31:26.0
J1_10527_2111,FINISHED,00:50:56.0
J1_10528_2111,FINISHED,00:31:35.0
J1_10529_2111,FINISHED,00:36:42.0
J1_10530_2111,FINISHED,00:52:33.0
J1_10531_2111,FINISHED,00:56:51.0
J1_10532_2111,FINISHED,00:44:11.0
J1_10533_2111,FINISHED,02:03:51.0
J1_10534_2111,FINISHED,02:28:36.0
J1_10535_2111,FINISHED,01:41:25.0
J1_10536_2111,FINISHED,01:01:53.0
J1_10537_2111,FINISHED,01:12:30.0
J1_10538_2111,FINISHED,04:37:05.0
J1_10539_2111,FINISHED,00:48:30.0
J1_10540_2111,FINISHED,01:18:58.0
J1_10541_2111,FINISHED,01:09:19.0
J1_10542_2111,FINISHED,00:55:48.0
J1_10543_2111,FINISHED,00:58:10.0
J1_10544_2111,FINISHED,01:30:18.0
J1_10545_2111,FINISHED,01:42:16.0
J1_10546_2111,FINISHED,00:38:20.0
J1_10547_2111,FINISHED,00:29:11.0
J1_10548_2111,FINISHED,01:02:43.0
J1_10549_2111,FINISHED,00:52:01.0
J1_10550_2111,FINISHED,00:30:08.0
J1_10551_2111,FINISHED,00:44:52.0
J1_10552_2111,FINISHED,01:21:01.0
J1_10553_2111,FINISHED,01:32:03.0
J1_10554_2111,FINISHED,00:57:42.0
J1_10555_2111,FINISHED,00:53:28.0
J1_10556_2111,FINISHED,01:28:52.0
J1_10557_2111,FINISHED,00:43:56.0
J1_10559_2111,FINISHED,00:56:42.0
J1_10560_2111,FINISHED,00:48:48.0
J1_10561_2111,FINISHED,01:53:43.0
J1_10562_2111,FINISHED,06:07:01.0
J1_10563_2111,FINISHED,01:22:04.0
J1_10565_2111,FINISHED,01:46:44.0
J1_10566_2111,FINISHED,03:32:03.0
J1_10567_2111,FINISHED,01:02:45.0
J1_10568_2111,FINISHED,00:57:06.0
J1_10569_2111,FINISHED,00:36:27.0
J1_10570_2111,FINISHED,00:49:10.0
J1_10571_2111,FINISHED,00:44:10.0
J1_10572_2111,FINISHED,02:23:15.0
J1_10573_2111,FINISHED,05:44:14.0
J1_10574_2111,FINISHED,02:43:39.0
J1_10131_2111,FINISHED,00:53:34.0
J1_10464_2111,FINISHED,00:40:18.0
J1_10465_2111,FINISHED,01:14:53.0
J1_10466_2111,FINISHED,00:40:10.0
J1_9842_3111,FINISHED,00:53:57.0
J1_10240_3111,FINISHED,01:58:37.0
J1_9916_3111,FINISHED,01:14:09.0
J1_3528_3111,FINISHED,00:02:20.0
J1_10317_3111,FINISHED,00:43:27.0
J1_9854_3111,FINISHED,00:33:17.0
J1_222_3111,FINISHED,00:01:14.0
J1_455_3111,FINISHED,00:19:14.0
J1_10515_3111,FINISHED,02:26:38.0
J1_9944_3111,FINISHED,01:37:05.0
J1_2481_3111,FINISHED,00:04:56.0
J1_10182_3111,FINISHED,02:12:38.0
J1_10547_3111,FINISHED,00:28:03.0
J1_10409_3111,FINISHED,00:55:20.0
J1_9960_2111,FINISHED,02:17:52.0
J1_9838_3111,FINISHED,00:34:36.0
J1_9930_3111,FINISHED,00:27:59.0
J1_10061_3111,FINISHED,01:07:17.0
J1_9856_3111,FINISHED,00:33:15.0
J1_3325_3111,FINISHED,00:24:43.0
J1_10364_3111,FINISHED,01:28:42.0
J1_4886_3111,FINISHED,00:03:55.0
J1_9993_3111,FINISHED,00:30:54.0
J1_9843_3111,FINISHED,01:52:38.0
J1_5860_3111,FINISHED,00:02:06.0
J1_9560_3111,FINISHED,06:16:31.0
J1_9769_3111,FINISHED,00:16:09.0
J1_10339_3111,FINISHED,01:19:51.0
J1_10264_3111,FINISHED,00:21:38.0
J1_8684_3111,FINISHED,00:01:51.0
J1_9825_3111,FINISHED,00:48:08.0
J1_5833_3111,FINISHED,00:29:49.0
J1_3145_3111,FINISHED,00:01:54.0
J1_10476_3111,FINISHED,00:51:44.0
J1_10179_3111,FINISHED,00:54:32.0
J1_8625_3111,FINISHED,00:31:47.0
J1_9243_3111,FINISHED,00:08:07.0
J1_10394_3111,FINISHED,02:00:31.0
J1_10227_3111,FINISHED,01:31:14.0
J1_10473_3111,FINISHED,01:57:27.0
J1_5604_3111,FINISHED,00:03:28.0
J1_9919_3111,FINISHED,00:38:34.0
J1_10194_3111,FINISHED,01:58:53.0
J1_10037_3111,FINISHED,00:42:59.0
J1_10453_3111,FINISHED,01:27:35.0
J1_10029_2111,FINISHED,00:29:45.0
J1_10497_3111,FINISHED,02:27:01.0
J1_5218_3111,FINISHED,00:25:26.0
J1_9905_3111,FINISHED,01:45:42.0
J1_9784_3111,FINISHED,00:06:52.0
J1_10425_3111,FINISHED,01:19:20.0
J1_10540_3111,FINISHED,01:21:47.0
J1_10564_2111,FINISHED,02:03:21.0
J1_9760_3111,FINISHED,00:08:59.0
J1_10204_3111,FINISHED,01:16:33.0
J1_9762_3111,FINISHED,00:38:33.0
J1_10346_3111,FINISHED,01:37:42.0
J1_9835_3111,FINISHED,01:42:24.0
J1_9695_3111,FINISHED,00:11:58.0
J1_9778_3111,FINISHED,00:18:13.0
J1_10186_3111,FINISHED,00:40:27.0
J1_1151_3111,FINISHED,00:01:26.0
J1_7799_3111,FINISHED,00:17:46.0
J1_10358_3111,FINISHED,01:01:29.0
J1_10023_3111,FINISHED,01:00:54.0
J1_5526_3111,FINISHED,00:07:31.0
J1_10044_3111,FINISHED,01:05:33.0
J1_10196_2111,FINISHED,00:27:38.0
J1_8253_3111,FINISHED,00:01:20.0
J1_10447_3111,FINISHED,02:18:59.0
J1_9957_3111,FINISHED,00:37:54.0
J1_5635_3111,FINISHED,00:02:11.0
J1_10470_3111,FINISHED,00:43:12.0
J1_3811_3111,FINISHED,00:03:02.0
J1_8960_3111,FINISHED,00:28:06.0
J1_7916_3111,FINISHED,00:03:26.0
J1_9913_3111,FINISHED,00:28:01.0
J1_10411_3111,FINISHED,01:51:21.0
J1_6205_3111,FINISHED,00:15:13.0
J1_9920_3111,FINISHED,00:44:14.0
J1_9977_3111,FINISHED,00:50:45.0
J1_10059_3111,FINISHED,00:42:36.0
J1_10216_3111,FINISHED,00:52:14.0
J1_9884_3111,FINISHED,00:51:05.0
J1_9779_3111,FINISHED,00:13:26.0
J1_9882_3111,FINISHED,00:53:43.0
J1_10147_3111,FINISHED,00:32:52.0
J1_10130_2111,FINISHED,01:21:30.0
J1_9922_3111,FINISHED,01:19:03.0
J1_9902_3111,FINISHED,00:32:27.0
J1_10249_3111,FINISHED,00:56:02.0
J1_271_3111,FINISHED,00:48:42.0
J1_9980_3111,FINISHED,01:01:09.0
J1_10258_3111,FINISHED,00:36:18.0
J1_10238_3111,FINISHED,01:06:58.0
J1_10304_3111,FINISHED,00:39:36.0
J1_10003_3111,FINISHED,01:02:35.0
J1_10504_3111,FINISHED,00:48:28.0
J1_10235_3111,FINISHED,01:07:52.0
J1_10092_3111,FINISHED,00:26:47.0
J1_5212_3111,FINISHED,00:14:48.0
J1_10350_3111,FINISHED,00:33:29.0
J1_5884_3111,FINISHED,00:06:03.0
J1_10108_3111,FINISHED,00:57:18.0
J1_10148_3111,FINISHED,03:01:26.0
J1_10528_3111,FINISHED,00:36:44.0
J1_10551_3111,FINISHED,01:22:38.0
J1_4600_3111,FINISHED,00:01:51.0
J1_9931_3111,FINISHED,00:50:28.0
J1_9968_3111,FINISHED,01:05:27.0
J1_6997_3111,FINISHED,00:14:07.0
J1_9965_2111,FINISHED,01:00:14.0
J1_10485_3111,FINISHED,00:35:24.0
J1_10347_3111,FINISHED,00:42:12.0
J1_6607_3111,FINISHED,00:28:22.0
J1_3826_3111,FINISHED,03:16:33.0
J1_10516_3111,FINISHED,00:28:08.0
J1_10111_3111,FINISHED,00:45:34.0
J1_2797_3111,FINISHED,00:18:21.0
J1_10030_3111,FINISHED,00:34:41.0
J1_10195_3111,FINISHED,00:58:09.0
J1_10308_3111,FINISHED,01:05:48.0
J1_10450_3111,FINISHED,00:47:45.0
J1_10433_3111,FINISHED,01:20:55.0
J1_9845_3111,FINISHED,00:51:23.0
J1_9753_3111,FINISHED,00:08:03.0
J1_8495_3111,FINISHED,00:03:58.0
J1_10231_3111,FINISHED,00:55:15.0
J1_10122_3111,FINISHED,01:04:31.0
J1_10026_3111,FINISHED,00:52:18.0
J1_10205_3111,FINISHED,00:52:37.0
J1_10089_3111,FINISHED,01:09:14.0
J1_9797_3111,FINISHED,00:30:36.0
J1_1086_3111,ERROR,01:23:08.0
J1_10257_3111,FINISHED,00:40:59.0
J1_10275_3111,FINISHED,01:39:49.0
J1_9867_3111,FINISHED,00:41:37.0
J1_9858_3111,FINISHED,00:53:53.0
J1_10338_3111,FINISHED,00:55:01.0
J1_9826_3111,FINISHED,00:58:24.0
J1_8460_3111,FINISHED,00:05:38.0
J1_9955_3111,FINISHED,01:10:29.0
J1_10018_3111,FINISHED,01:57:24.0
J1_10256_3111,FINISHED,00:58:57.0
J1_10340_3111,FINISHED,01:47:40.0
J1_9886_2111,FINISHED,01:39:58.0
J1_3371_3111,FINISHED,00:21:39.0
J1_10334_3111,FINISHED,00:54:03.0
J1_10197_3111,FINISHED,00:48:28.0
J1_6232_3111,FINISHED,00:13:01.0
J1_10299_3111,FINISHED,00:47:32.0
J1_6570_3111,FINISHED,00:05:41.0
J1_10383_3111,FINISHED,00:51:54.0
J1_10076_3111,FINISHED,00:59:59.0
J1_9741_3111,FINISHED,00:07:55.0
J1_2034_3111,FINISHED,00:17:49.0
J1_9792_3111,FINISHED,00:15:33.0
J1_3055_3111,FINISHED,00:10:18.0
J1_10211_3111,FINISHED,02:17:43.0
J1_6984_3111,FINISHED,00:02:54.0
J1_3449_3111,FINISHED,00:02:39.0
J1_6149_3111,FINISHED,00:01:07.0
J1_10254_3111,FINISHED,00:47:16.0
J1_10313_3111,FINISHED,01:02:58.0
J1_10011_3111,FINISHED,00:42:52.0
J1_9890_3111,FINISHED,00:53:13.0
J1_10477_3111,FINISHED,00:29:07.0
J1_9863_3111,FINISHED,01:48:02.0
J1_9853_3111,FINISHED,00:31:18.0
J1_9971_3111,FINISHED,02:08:22.0
J1_9947_3111,FINISHED,00:55:34.0
J1_10510_3111,FINISHED,00:52:19.0
J1_10113_3111,FINISHED,00:50:48.0
J1_2596_3111,FINISHED,00:24:12.0
J1_9962_3111,FINISHED,00:51:51.0
J1_10534_3111,FINISHED,02:49:18.0
J1_9988_3111,FINISHED,03:59:40.0
J1_9794_3111,FINISHED,00:34:11.0
J1_10125_3111,FINISHED,01:22:09.0
J1_7937_3111,FINISHED,00:57:54.0
J1_10371_3111,FINISHED,00:57:38.0
J1_452_3111,FINISHED,00:13:18.0
J1_10565_3111,FINISHED,00:56:32.0
J1_10574_3111,FINISHED,02:26:52.0
J1_9871_3111,FINISHED,01:50:58.0
J1_10225_3111,FINISHED,00:48:14.0
J1_5708_3111,FINISHED,00:23:34.0
J1_9766_3111,FINISHED,00:14:46.0
J1_5324_3111,FINISHED,00:19:09.0
J1_9805_3111,FINISHED,00:21:02.0
J1_10099_3111,FINISHED,01:50:15.0
J1_10261_3111,FINISHED,00:39:16.0
J1_10132_3111,FINISHED,00:57:01.0
J1_9899_3111,FINISHED,01:06:30.0
J1_2527_3111,FINISHED,00:13:07.0
J1_10430_3111,FINISHED,00:55:41.0
J1_8458_3111,FINISHED,00:34:15.0
J1_9927_2111,FINISHED,02:43:14.0
J1_10322_3111,FINISHED,00:47:18.0
J1_10560_3111,FINISHED,01:00:04.0
J1_2017_3111,FINISHED,00:02:30.0
J1_10217_3111,FINISHED,01:39:21.0
J1_10298_3111,FINISHED,00:31:01.0
J1_6540_3111,FINISHED,00:07:06.0
J1_3842_3111,FINISHED,00:01:55.0
J1_9799_3111,FINISHED,00:16:17.0
J1_9783_3111,FINISHED,00:12:00.0
J1_10281_3111,FINISHED,01:04:06.0
J1_9829_3111,FINISHED,00:44:43.0
J1_2292_3111,FINISHED,00:46:06.0
J1_10328_3111,FINISHED,01:17:33.0
J1_10412_3111,FINISHED,00:38:21.0
J1_10535_3111,FINISHED,01:01:48.0
J1_9785_3111,FINISHED,00:21:50.0
J1_10365_3111,FINISHED,02:15:14.0
J1_6392_3111,FINISHED,00:06:29.0
J1_10563_3111,FINISHED,01:11:03.0
J1_701_3111,FINISHED,01:00:02.0
J1_10284_3111,FINISHED,00:30:17.0
J1_1767_3111,FINISHED,00:10:51.0
J1_10035_3111,FINISHED,00:47:23.0
J1_10462_2111,FINISHED,01:22:55.0
J1_10097_3111,FINISHED,00:39:10.0
J1_10013_3111,FINISHED,01:30:52.0
J1_5432_3111,FINISHED,00:01:28.0
J1_9836_3111,FINISHED,01:01:44.0
J1_1072_3111,FINISHED,00:25:14.0
J1_10005_3111,FINISHED,00:44:29.0
J1_10436_3111,FINISHED,00:31:59.0
J1_8908_3111,FINISHED,00:01:51.0
J1_641_3111,FINISHED,00:05:13.0
J1_10236_3111,FINISHED,00:46:18.0
J1_9885_3111,FINISHED,00:43:47.0
J1_15_3111,FINISHED,00:07:47.0
J1_414_3111,FINISHED,00:20:31.0
J1_10395_3111,FINISHED,01:14:39.0
J1_9959_3111,FINISHED,01:21:08.0
J1_9868_3111,FINISHED,02:20:42.0
J1_10404_3111,FINISHED,01:17:21.0
J1_10326_3111,FINISHED,01:40:09.0
J1_2653_3111,FINISHED,00:16:42.0
J1_6815_3111,FINISHED,00:05:05.0
J1_10269_3111,FINISHED,00:53:53.0
J1_10391_3111,FINISHED,00:38:30.0
J1_10001_3111,FINISHED,00:58:00.0
J1_10300_3111,FINISHED,01:13:24.0
J1_10265_3111,FINISHED,01:17:57.0
J1_10568_3111,FINISHED,00:39:51.0
J1_10289_3111,FINISHED,00:47:17.0
J1_10220_3111,FINISHED,01:10:19.0
J1_3114_3111,FINISHED,00:55:12.0
J1_6632_3111,FINISHED,00:06:30.0
J1_10226_3111,FINISHED,01:08:07.0
J1_3779_3111,FINISHED,00:07:29.0
J1_9806_3111,FINISHED,00:11:10.0
J1_10033_3111,FINISHED,00:33:36.0
J1_10138_3111,FINISHED,00:57:44.0
J1_9908_3111,FINISHED,00:50:54.0
J1_10120_3111,FINISHED,00:41:46.0
J1_9759_3111,FINISHED,00:24:32.0
J1_10015_3111,FINISHED,01:08:52.0
J1_10441_3111,FINISHED,00:31:58.0
J1_1451_3111,FINISHED,00:10:46.0
J1_7644_3111,FINISHED,00:13:48.0
J1_10129_3111,FINISHED,00:21:00.0
J1_10064_3111,FINISHED,02:29:14.0
J1_9777_3111,FINISHED,00:51:50.0
J1_9757_3111,FINISHED,00:15:16.0
J1_10157_3111,FINISHED,00:32:54.0
J1_9774_3111,FINISHED,00:31:35.0
J1_10083_3111,FINISHED,01:00:39.0
J1_10288_3111,FINISHED,01:11:24.0
J1_10259_3111,FINISHED,02:30:31.0
J1_10532_3111,FINISHED,00:42:36.0
J1_9877_3111,FINISHED,01:08:09.0
J1_10539_3111,FINISHED,01:00:55.0
J1_10368_3111,FINISHED,00:52:24.0
J1_10221_3111,FINISHED,01:44:02.0
J1_10422_3111,FINISHED,01:04:22.0
J1_534_3111,FINISHED,00:24:38.0
J1_10456_3111,FINISHED,03:55:50.0
J1_9982_3111,FINISHED,00:53:58.0
J1_3276_3111,FINISHED,00:26:34.0
J1_10323_3111,FINISHED,00:33:38.0
J1_10022_3111,FINISHED,01:42:14.0
J1_10324_3111,FINISHED,00:57:12.0
J1_1136_3111,FINISHED,00:04:07.0
J1_7773_3111,FINISHED,00:15:35.0
J1_10492_3111,FINISHED,02:45:28.0
J1_10345_3111,FINISHED,01:07:29.0
J1_10268_3111,FINISHED,01:01:15.0
J1_10102_3111,FINISHED,00:44:23.0
J1_2798_3111,FINISHED,00:05:07.0
J1_10247_3111,FINISHED,01:12:45.0
J1_10021_3111,FINISHED,01:17:52.0
J1_1562_3111,FINISHED,00:11:17.0
J1_9796_3111,FINISHED,00:34:25.0
J1_10499_3111,FINISHED,00:36:16.0
J1_10385_3111,FINISHED,00:46:03.0
J1_4571_3111,FINISHED,00:01:37.0
J1_333_3111,FINISHED,00:04:08.0
J1_4799_3111,FINISHED,00:07:55.0
J1_10531_3111,FINISHED,00:51:24.0
J1_9907_3111,FINISHED,00:44:14.0
J1_9748_3111,FINISHED,00:09:17.0
J1_10287_3111,FINISHED,00:56:40.0
J1_10169_3111,FINISHED,01:44:20.0
J1_4536_3111,FINISHED,00:10:32.0
J1_8447_3111,FINISHED,00:13:07.0
J1_10069_3111,FINISHED,00:56:34.0
J1_10421_3111,FINISHED,00:38:59.0
J1_9795_3111,FINISHED,00:16:29.0
J1_10295_3111,FINISHED,00:42:01.0
J1_5740_3111,FINISHED,00:20:37.0
J1_10530_3111,FINISHED,00:56:28.0
J1_10367_3111,FINISHED,00:43:54.0
J1_5110_3111,FINISHED,00:15:18.0
J1_9862_3111,FINISHED,00:34:30.0
J1_1527_3111,FINISHED,00:20:19.0
J1_2509_3111,FINISHED,00:04:27.0
J1_5652_3111,FINISHED,00:01:44.0
J1_10427_2111,FINISHED,01:15:04.0
J1_10432_3111,FINISHED,00:49:13.0
J1_3173_3111,FINISHED,00:07:06.0
J1_10507_3111,FINISHED,01:59:29.0
J1_10399_3111,FINISHED,03:14:00.0
J1_9903_3111,FINISHED,00:48:01.0
J1_10570_3111,FINISHED,00:48:04.0
J1_10381_3111,FINISHED,01:07:30.0
J1_10379_3111,FINISHED,01:05:49.0
J1_1290_3111,FINISHED,00:21:19.0
J1_9755_3111,FINISHED,00:11:38.0
J1_10325_3111,FINISHED,00:28:57.0
J1_10100_3111,FINISHED,00:33:14.0
J1_9918_3111,FINISHED,01:05:17.0
J1_10354_3111,FINISHED,00:51:42.0
J1_10491_3111,FINISHED,01:06:19.0
J1_10401_3111,FINISHED,01:07:42.0
J1_10008_3111,FINISHED,00:33:57.0
J1_10434_3111,FINISHED,00:55:39.0
J1_10164_3111,FINISHED,00:40:44.0
J1_10489_2111,FINISHED,05:46:02.0
J1_9979_3111,FINISHED,01:24:04.0
J1_9810_3111,FINISHED,01:43:57.0
J1_9839_3111,FINISHED,02:09:46.0
J1_9967_3111,FINISHED,01:09:59.0
J1_10529_3111,FINISHED,00:43:22.0
J1_10190_2111,FINISHED,00:47:04.0
J1_7850_3111,FINISHED,00:07:26.0
J1_1803_3111,FINISHED,00:51:38.0
J1_744_3111,FINISHED,00:45:36.0
J1_1350_3111,FINISHED,00:01:28.0
J1_9768_3111,FINISHED,00:45:02.0
J1_9887_3111,FINISHED,00:49:36.0
J1_10074_3111,FINISHED,01:55:19.0
J1_8260_3111,FINISHED,00:02:39.0
J1_8499_3111,FINISHED,00:08:49.0
J1_10527_3111,FINISHED,00:39:10.0
J1_9932_3111,FINISHED,01:23:11.0
J1_7184_3111,FINISHED,00:03:08.0
J1_10162_2111,ERROR,06:28:01.0
J1_9866_3111,FINISHED,01:13:59.0
J1_1362_3111,FINISHED,00:01:47.0
J1_10302_3111,FINISHED,00:41:45.0
J1_10505_3111,FINISHED,01:35:30.0
J1_5429_3111,FINISHED,00:05:33.0
J1_10178_3111,FINISHED,01:04:29.0
J1_10273_3111,FINISHED,00:51:49.0
J1_2789_3111,FINISHED,00:01:42.0
J1_8886_3111,FINISHED,00:05:43.0
J1_9986_3111,FINISHED,00:46:40.0
J1_10559_3111,FINISHED,01:16:21.0
J1_9782_3111,FINISHED,00:19:34.0
J1_9846_3111,FINISHED,02:20:38.0
J1_466_3111,ERROR,00:39:34.0
J1_9852_2111,FINISHED,00:40:30.0
J1_10479_3111,FINISHED,00:55:13.0
J1_10451_3111,FINISHED,01:47:16.0
J1_10468_3111,FINISHED,00:42:16.0
J1_10050_3111,FINISHED,01:04:58.0
J1_10387_3111,FINISHED,01:06:48.0
J1_9889_3111,FINISHED,01:28:19.0
J1_853_3111,FINISHED,00:09:05.0
J1_7558_3111,FINISHED,00:01:15.0
J1_10305_3111,FINISHED,01:24:10.0
J1_10458_3111,FINISHED,03:15:33.0
J1_10465_3111,FINISHED,01:37:21.0
J1_10407_3111,FINISHED,00:41:02.0
J1_10106_3111,FINISHED,01:03:15.0
J1_9964_3111,FINISHED,00:35:45.0
J1_10486_3111,FINISHED,00:47:52.0
J1_10502_3111,FINISHED,01:02:12.0
J1_10309_3111,FINISHED,00:58:40.0
J1_9997_3111,FINISHED,00:38:11.0
J1_10065_3111,FINISHED,01:06:13.0
J1_10482_3111,FINISHED,01:17:25.0
J1_530_3111,FINISHED,00:00:50.0
J1_10522_3111,FINISHED,00:52:21.0
J1_10153_3111,FINISHED,00:59:45.0
J1_10201_3111,FINISHED,01:13:41.0
J1_6876_3111,FINISHED,00:23:49.0
J1_1922_3111,FINISHED,00:16:04.0
J1_4630_3111,FINISHED,00:00:40.0
J1_4275_3111,FINISHED,00:10:23.0
J1_10428_3111,FINISHED,00:55:51.0
J1_10283_2111,FINISHED,00:39:00.0
J1_4375_3111,FINISHED,00:06:45.0
J1_10509_3111,FINISHED,01:00:40.0
J1_10526_3111,FINISHED,00:28:16.0
J1_770_3111,FINISHED,00:02:14.0
J1_9800_3111,FINISHED,00:44:19.0
J1_10048_3111,FINISHED,01:13:44.0
J1_10474_3111,FINISHED,00:56:50.0
J1_306_3111,FINISHED,00:12:25.0
J1_10541_3111,FINISHED,01:28:05.0
J1_9025_3111,FINISHED,00:00:35.0
J1_10355_3111,FINISHED,00:50:40.0
J1_10402_3111,FINISHED,01:17:44.0
J1_9945_3111,FINISHED,00:40:21.0
J1_9662_3111,FINISHED,00:02:47.0
J1_5753_3111,FINISHED,00:02:23.0
J1_10171_3111,FINISHED,00:43:48.0
J1_3201_3111,FINISHED,00:02:08.0
J1_923_3111,FINISHED,00:00:55.0
J1_10090_3111,FINISHED,00:41:42.0
J1_9878_3111,FINISHED,00:32:25.0
J1_10245_3111,FINISHED,01:18:45.0
J1_9976_3111,FINISHED,00:54:01.0
J1_10546_3111,FINISHED,00:52:45.0
J1_10183_3111,FINISHED,01:47:56.0
J1_1513_3111,FINISHED,00:06:27.0
J1_9948_3111,FINISHED,02:11:33.0
J1_10140_3111,FINISHED,00:33:22.0
J1_10498_3111,FINISHED,02:22:39.0
J1_9901_3111,FINISHED,01:30:39.0
J1_10488_3111,FINISHED,00:56:54.0
J1_7591_3111,FINISHED,00:01:37.0
J1_9742_3111,FINISHED,01:33:50.0
J1_10168_3111,FINISHED,01:02:41.0
J1_10343_3111,FINISHED,00:37:53.0
J1_2500_3111,FINISHED,00:28:31.0
J1_1426_3111,FINISHED,00:04:54.0
J1_10348_3111,FINISHED,01:00:16.0
J1_9943_3111,FINISHED,00:53:34.0
J1_5905_3111,FINISHED,00:03:10.0
J1_10335_3111,FINISHED,00:43:30.0
J1_10337_3111,FINISHED,01:26:45.0
J1_2934_3111,FINISHED,00:02:22.0
J1_5046_3111,FINISHED,00:02:17.0
J1_2442_3111,FINISHED,00:02:22.0
J1_1447_3111,FINISHED,00:20:59.0
J1_9972_3111,FINISHED,01:28:59.0
J1_10053_3111,FINISHED,01:07:17.0
J1_10415_3111,FINISHED,01:15:25.0
J1_9897_3111,FINISHED,01:03:44.0
J1_9378_3111,FINISHED,00:12:08.0
J1_9793_3111,FINISHED,00:13:31.0
J1_10517_3111,ERROR,04:08:24.0
J1_9995_3111,FINISHED,00:47:49.0
J1_5775_3111,FINISHED,00:13:14.0
J1_10336_3111,FINISHED,01:21:39.0
J1_10112_3111,FINISHED,01:03:32.0
J1_1337_3111,FINISHED,00:19:48.0
J1_9749_3111,FINISHED,00:10:27.0
J1_10154_3111,FINISHED,00:49:47.0
J1_10483_3111,FINISHED,01:01:02.0
J1_9802_3111,FINISHED,00:09:07.0
J1_6492_3111,FINISHED,00:39:37.0
J1_10435_3111,FINISHED,00:22:44.0
J1_10291_3111,FINISHED,01:02:55.0
J1_1768_3111,FINISHED,00:18:14.0
J1_9987_3111,FINISHED,00:47:46.0
J1_9645_3111,FINISHED,01:16:10.0
J1_10199_3111,FINISHED,00:16:37.0
J1_9822_3111,FINISHED,00:39:20.0
J1_9950_3111,FINISHED,00:44:27.0
J1_10467_3111,FINISHED,00:52:41.0
J1_10550_3111,FINISHED,00:32:58.0
J1_10307_3111,FINISHED,02:18:49.0
J1_2930_3111,FINISHED,00:16:23.0
J1_10193_3111,FINISHED,00:28:54.0
J1_10569_3111,FINISHED,00:33:48.0
J1_7335_3111,FINISHED,00:04:32.0
J1_103_3111,FINISHED,01:03:04.0
J1_10318_3111,FINISHED,01:08:35.0
J1_2158_3111,FINISHED,00:15:55.0
J1_7069_3111,FINISHED,00:07:54.0
J1_10333_3111,FINISHED,00:35:56.0
J1_10260_2111,FINISHED,01:57:49.0
J1_10396_3111,FINISHED,01:43:38.0
J1_10248_3111,FINISHED,00:51:57.0
J1_9939_3111,FINISHED,01:15:40.0
J1_10292_3111,FINISHED,01:31:30.0
J1_9912_3111,FINISHED,00:36:12.0
J1_9807_3111,FINISHED,00:20:02.0
J1_449_3111,FINISHED,00:13:42.0
J1_988_3111,FINISHED,00:04:55.0
J1_7014_3111,FINISHED,00:01:51.0
J1_10039_3111,FINISHED,01:30:09.0
J1_9894_3111,FINISHED,01:20:48.0
J1_10020_3111,FINISHED,01:18:15.0
J1_5121_3111,FINISHED,00:34:05.0
J1_10014_3111,FINISHED,01:23:11.0
J1_8549_3111,FINISHED,00:18:47.0
J1_5010_3111,FINISHED,00:10:51.0
J1_7579_3111,FINISHED,00:02:40.0
J1_10537_3111,FINISHED,01:12:00.0
J1_9981_3111,FINISHED,00:46:19.0
J1_9803_3111,FINISHED,00:19:42.0
J1_9811_3111,FINISHED,01:22:12.0
J1_10314_2111,ERROR,03:37:19.0
J1_10471_3111,FINISHED,01:01:22.0
J1_2308_3111,FINISHED,00:19:04.0
J1_10034_3111,FINISHED,00:53:40.0
J1_10518_3111,FINISHED,00:56:53.0
J1_8108_3111,FINISHED,00:02:55.0
J1_10272_3111,FINISHED,01:27:37.0
J1_9832_3111,FINISHED,01:36:49.0
J1_10571_3111,FINISHED,00:46:59.0
J1_10362_3111,FINISHED,00:38:39.0
J1_9904_3111,FINISHED,00:48:25.0
J1_1410_3111,FINISHED,00:13:17.0
J1_9895_3111,FINISHED,02:03:46.0
J1_9824_3111,FINISHED,01:14:06.0
J1_9815_3111,FINISHED,01:13:34.0
J1_9608_3111,FINISHED,00:07:45.0
J1_10464_3111,FINISHED,00:50:21.0
J1_10128_3111,FINISHED,02:29:48.0
J1_10410_3111,FINISHED,00:37:20.0
J1_1514_3111,FINISHED,00:57:23.0
J1_9691_3111,FINISHED,00:04:06.0
J1_10187_3111,FINISHED,00:43:00.0
J1_9765_3111,FINISHED,00:26:43.0
J1_10444_3111,FINISHED,00:54:56.0
J1_10145_3111,FINISHED,00:52:30.0
J1_6748_3111,FINISHED,00:25:09.0
J1_2720_3111,FINISHED,00:15:49.0
J1_10139_3111,FINISHED,00:56:44.0
J1_5907_3111,FINISHED,00:03:17.0
J1_9933_3111,FINISHED,01:12:46.0
J1_9910_2111,FINISHED,00:28:03.0
J1_10040_3111,FINISHED,01:00:39.0
J1_9837_3111,FINISHED,01:07:18.0
J1_8376_3111,FINISHED,00:24:13.0
J1_10400_3111,FINISHED,00:57:42.0
J1_10463_3111,FINISHED,00:44:33.0
J1_1780_3111,FINISHED,00:01:58.0
J1_9861_3111,FINISHED,01:10:53.0
J1_10461_3111,FINISHED,00:57:21.0
J1_10556_3111,FINISHED,00:46:17.0
J1_1852_3111,FINISHED,00:05:24.0
J1_10511_3111,FINISHED,00:39:24.0
J1_7116_3111,FINISHED,00:02:06.0
J1_10079_3111,FINISHED,01:34:49.0
J1_10274_3111,FINISHED,01:58:10.0
J1_10384_3111,FINISHED,01:41:48.0
J1_10545_3111,FINISHED,00:48:19.0
J1_9914_3111,FINISHED,00:52:11.0
J1_10012_3111,FINISHED,01:17:18.0
J1_99_3111,FINISHED,00:28:02.0
J1_9426_3111,FINISHED,00:04:20.0
J1_9830_3111,FINISHED,00:30:29.0
J1_10127_3111,FINISHED,00:35:16.0
J1_1998_3111,FINISHED,00:25:41.0
J1_10055_3111,FINISHED,00:50:37.0
J1_837_3111,FINISHED,00:16:17.0
J1_10142_3111,FINISHED,01:10:33.0
J1_10418_3111,FINISHED,01:25:23.0
J1_10215_3111,FINISHED,00:46:51.0
J1_10010_3111,FINISHED,01:20:57.0
J1_10054_3111,FINISHED,00:57:15.0
J1_10311_3111,FINISHED,03:03:13.0
J1_9746_3111,FINISHED,00:37:38.0
J1_9958_3111,FINISHED,01:03:09.0
J1_10252_3111,FINISHED,00:56:26.0
J1_10149_3111,FINISHED,01:14:37.0
J1_3895_3111,FINISHED,00:24:48.0
J1_10028_3111,FINISHED,00:51:25.0
J1_10553_3111,FINISHED,00:50:49.0
J1_10417_3111,FINISHED,00:34:08.0
J1_10114_3111,FINISHED,00:50:09.0
J1_7847_3111,FINISHED,00:03:37.0
J1_2856_3111,FINISHED,00:07:37.0
J1_10536_3111,FINISHED,00:59:51.0
J1_6558_3111,FINISHED,00:14:10.0
J1_10016_3111,FINISHED,00:51:36.0
J1_10096_3111,FINISHED,02:08:17.0
J1_10156_3111,FINISHED,00:42:18.0
J1_9481_3111,FINISHED,00:03:19.0
J1_9744_3111,FINISHED,00:27:55.0
J1_9952_3111,FINISHED,00:52:29.0
J1_9926_3111,FINISHED,01:04:49.0
J1_672_3111,FINISHED,00:02:25.0
J1_9989_3111,FINISHED,04:45:27.0
J1_10561_3111,FINISHED,00:49:27.0
J1_10136_3111,FINISHED,00:52:25.0
J1_10077_3111,FINISHED,01:06:13.0
J1_10078_3111,FINISHED,12:32:50.0
J1_10361_3111,ERROR,04:22:11.0
J1_6236_3111,FINISHED,00:05:08.0
J1_10025_3111,FINISHED,01:35:05.0
J1_10046_3111,FINISHED,00:35:20.0
J1_10496_3111,FINISHED,02:38:23.0
J1_10063_3111,FINISHED,01:50:37.0
J1_6344_3111,FINISHED,00:19:05.0
J1_10282_3111,FINISHED,00:53:22.0
J1_9934_3111,FINISHED,00:48:39.0
J1_10165_3111,FINISHED,01:25:16.0
J1_10490_3111,FINISHED,00:52:02.0
J1_9847_3111,FINISHED,00:43:47.0
J1_10466_3111,FINISHED,00:55:06.0
J1_9823_3111,FINISHED,02:00:12.0
J1_9929_3111,FINISHED,01:20:01.0
J1_9231_3111,FINISHED,00:02:51.0
J1_9849_3111,FINISHED,00:30:49.0
J1_9761_3111,FINISHED,00:09:47.0
J1_9917_3111,FINISHED,00:26:36.0
J1_10121_3111,FINISHED,00:51:35.0
J1_9978_3111,FINISHED,01:00:06.0
J1_1066_3111,FINISHED,00:06:56.0
J1_10369_3111,FINISHED,02:01:54.0
J1_9798_3111,FINISHED,00:06:25.0
J1_9984_3111,FINISHED,01:42:28.0
J1_10230_3111,FINISHED,00:43:47.0
J1_9956_3111,FINISHED,02:59:15.0
J1_3695_3111,FINISHED,00:41:44.0
J1_10036_3111,FINISHED,01:50:58.0
J1_9813_3111,FINISHED,00:55:13.0
J1_9921_3111,FINISHED,01:01:49.0
J1_6666_3111,FINISHED,00:03:02.0
J1_9801_3111,FINISHED,00:47:51.0
J1_10210_3111,FINISHED,00:31:57.0
J1_10572_3111,FINISHED,01:31:08.0
J1_9848_3111,FINISHED,01:39:26.0
J1_10566_3111,FINISHED,01:50:02.0
J1_10294_3111,FINISHED,00:54:20.0
J1_5788_3111,FINISHED,00:03:05.0
J1_10241_3111,FINISHED,01:25:34.0
J1_9745_3111,FINISHED,00:11:35.0
J1_9985_3111,FINISHED,02:20:07.0
J1_10250_3111,FINISHED,01:30:15.0
J1_10562_3111,FINISHED,01:10:29.0
J1_9994_3111,FINISHED,01:09:17.0
J1_10242_3111,FINISHED,00:43:16.0
J1_9817_3111,FINISHED,01:22:39.0
J1_2924_3111,FINISHED,00:02:30.0
J1_10363_3111,FINISHED,00:43:05.0
J1_4043_3111,FINISHED,00:07:55.0
J1_10080_3111,FINISHED,01:09:39.0
J1_9773_3111,FINISHED,00:11:11.0
J1_9893_3111,FINISHED,14:07:22.0
J1_10439_3111,FINISHED,01:02:49.0
J1_10330_2111,FINISHED,02:17:41.0
J1_9915_3111,FINISHED,01:01:54.0
J1_9974_3111,ERROR,02:10:45.0
J1_1683_3111,FINISHED,00:04:25.0
J1_10544_3111,FINISHED,00:45:28.0
J1_10523_3111,ERROR,04:24:43.0
J1_10487_2111,FINISHED,00:27:52.0
J1_9816_3111,FINISHED,01:39:09.0
J1_10051_3111,FINISHED,01:12:29.0
J1_1018_3111,FINISHED,00:16:35.0
J1_10155_3111,FINISHED,00:39:56.0
J1_10041_3111,FINISHED,00:49:38.0
J1_9864_3111,FINISHED,00:59:17.0
J1_10493_2111,FINISHED,02:07:46.0
J1_9850_3111,FINISHED,01:10:01.0
J1_10088_3111,FINISHED,00:45:30.0
J1_10484_3111,FINISHED,00:41:04.0
J1_7739_3111,FINISHED,00:23:18.0
J1_10047_3111,FINISHED,01:09:17.0
J1_9970_2111,FINISHED,01:50:41.0
J1_9780_3111,FINISHED,00:21:32.0
J1_9818_2111,FINISHED,00:39:23.0
J1_6117_3111,FINISHED,00:01:56.0
J1_4598_3111,FINISHED,00:21:26.0
J1_10443_2111,ERROR,03:28:37.0
J1_10159_3111,FINISHED,00:43:07.0
J1_10124_3111,FINISHED,01:12:51.0
J1_10378_3111,FINISHED,00:40:10.0
J1_10002_3111,FINISHED,01:03:43.0
J1_10049_2111,ERROR,04:35:08.0
J1_10460_3111,FINISHED,00:43:07.0
J1_10278_3111,FINISHED,00:51:36.0
J1_9875_3111,FINISHED,00:59:51.0
J1_10349_3111,FINISHED,02:12:01.0
J1_10170_3111,FINISHED,01:21:50.0
J1_9808_3111,FINISHED,00:17:11.0
J1_10244_3111,FINISHED,00:59:31.0
J1_8352_3111,FINISHED,00:04:18.0
J1_9940_2111,FINISHED,01:35:34.0
J1_9896_3111,FINISHED,02:08:00.0
J1_9990_3111,FINISHED,01:07:17.0
J1_10191_3111,FINISHED,00:50:39.0
J1_10086_3111,FINISHED,04:25:06.0
J1_10558_2111,ERROR,04:39:11.0
J1_10032_3111,FINISHED,00:51:07.0
J1_10552_3111,FINISHED,00:55:42.0
J1_10506_3111,FINISHED,02:15:26.0
J1_9949_3111,FINISHED,00:46:35.0
J1_10091_3111,FINISHED,01:22:36.0
J1_10501_3111,FINISHED,00:39:13.0
J1_6476_3111,FINISHED,00:28:19.0
J1_295_3111,FINISHED,00:28:42.0
J1_9851_3111,FINISHED,01:07:18.0
J1_9752_3111,FINISHED,00:20:41.0
J1_9870_3111,FINISHED,00:53:51.0
J1_10222_3111,FINISHED,01:29:19.0
J1_8524_3111,FINISHED,00:16:16.0
J1_9804_3111,FINISHED,00:04:00.0
J1_10344_3111,FINISHED,00:41:15.0
J1_776_3111,FINISHED,00:17:46.0
J1_4921_3111,FINISHED,00:10:02.0
J1_9857_3111,FINISHED,00:45:52.0
J1_10118_3111,FINISHED,01:39:28.0
J1_9775_3111,FINISHED,00:07:00.0
J1_9809_3111,FINISHED,00:08:42.0
J1_10419_3111,FINISHED,01:21:25.0
J1_10202_3111,FINISHED,01:05:03.0
J1_10480_3111,FINISHED,01:14:26.0
J1_3383_3111,FINISHED,00:10:46.0
J1_10376_3111,FINISHED,00:36:16.0
J1_4552_3111,FINISHED,01:17:29.0
J1_10067_3111,FINISHED,00:32:25.0
J1_10478_3111,FINISHED,00:45:09.0
J1_9812_3111,FINISHED,01:42:09.0
J1_9781_3111,FINISHED,00:10:15.0
J1_10161_3111,FINISHED,05:14:25.0
J1_9876_3111,FINISHED,03:08:32.0
J1_7631_3111,FINISHED,00:57:17.0
J1_4559_3111,FINISHED,00:01:19.0
J1_9954_3111,FINISHED,00:45:47.0
J1_10167_3111,FINISHED,01:05:11.0
J1_10213_3111,FINISHED,00:52:51.0
J1_8295_3111,FINISHED,00:13:42.0
J1_9937_3111,FINISHED,00:40:01.0
J1_10495_3111,FINISHED,00:31:29.0
J1_10266_3111,FINISHED,01:16:53.0
J1_9787_3111,FINISHED,00:34:47.0
J1_10084_3111,FINISHED,01:57:29.0
J1_10038_3111,FINISHED,00:44:51.0
J1_6211_3111,FINISHED,00:02:03.0
J1_9790_3111,FINISHED,00:50:34.0
J1_10115_3111,FINISHED,01:24:01.0
J1_9821_3111,FINISHED,01:36:04.0
J1_10469_3111,FINISHED,01:35:02.0
J1_10068_3111,FINISHED,01:11:42.0
J1_10449_3111,FINISHED,00:37:46.0
J1_10066_3111,FINISHED,00:48:20.0
J1_10557_3111,FINISHED,00:39:16.0
J1_10070_3111,FINISHED,00:31:45.0
J1_5647_3111,FINISHED,00:23:48.0
J1_10331_3111,FINISHED,01:12:49.0
J1_10321_3111,FINISHED,01:40:49.0
J1_9840_3111,FINISHED,02:02:32.0
J1_10093_3111,FINISHED,04:17:03.0
J1_9756_3111,FINISHED,00:41:10.0
J1_6278_3111,FINISHED,00:14:22.0
J1_9771_3111,FINISHED,00:34:51.0
J1_4576_3111,FINISHED,00:23:54.0
J1_4567_3111,FINISHED,00:18:58.0
J1_10103_3111,FINISHED,01:38:28.0
J1_1137_3111,FINISHED,00:01:10.0
J1_10342_3111,FINISHED,01:07:16.0
J1_10229_3111,FINISHED,00:50:11.0
J1_525_3111,FINISHED,00:11:13.0
J1_10420_2111,ERROR,06:18:52.0
J1_10181_3111,ERROR,02:15:08.0
J1_2408_3111,FINISHED,00:10:23.0
J1_10043_3111,FINISHED,03:34:56.0
J1_9928_3111,FINISHED,00:34:08.0
J1_4578_3111,FINISHED,00:49:51.0
J1_10119_3111,FINISHED,01:45:45.0
J1_10246_3111,FINISHED,00:47:04.0
J1_9946_3111,FINISHED,01:17:37.0
J1_10429_3111,FINISHED,03:11:23.0
J1_10208_3111,FINISHED,00:51:17.0
J1_3711_3111,FINISHED,00:02:29.0
J1_9747_3111,FINISHED,00:23:11.0
J1_9891_3111,FINISHED,01:19:06.0
J1_9763_3111,FINISHED,00:13:32.0
J1_6874_3111,FINISHED,00:01:42.0
J1_10117_3111,FINISHED,01:13:22.0
J1_10110_3111,FINISHED,00:26:49.0
J1_10555_3111,FINISHED,00:39:52.0
J1_10514_3111,FINISHED,01:02:50.0
J1_10152_3111,FINISHED,01:08:07.0
J1_10341_3111,FINISHED,01:43:45.0
J1_8920_3111,FINISHED,00:45:28.0
J1_751_3111,FINISHED,00:01:50.0
J1_10438_3111,FINISHED,01:11:04.0
J1_10356_3111,FINISHED,02:00:33.0
J1_10414_3111,FINISHED,05:46:16.0
J1_10185_3111,FINISHED,01:31:54.0
J1_9865_3111,FINISHED,00:45:51.0
J1_10073_3111,FINISHED,06:57:23.0
J1_10393_3111,FINISHED,00:36:08.0
J1_2917_3111,FINISHED,00:02:44.0
J1_9855_3111,FINISHED,01:00:51.0
J1_3336_3111,FINISHED,00:07:02.0
J1_10223_2111,FINISHED,02:41:46.0
J1_10175_3111,FINISHED,00:57:07.0
J1_9750_3111,FINISHED,00:18:56.0
J1_1726_3111,FINISHED,00:04:12.0
J1_9723_3111,FINISHED,00:02:05.0
J1_10184_3111,FINISHED,00:42:02.0
J1_9788_3111,FINISHED,01:06:43.0
J1_10472_3111,FINISHED,00:38:22.0
J1_9786_3111,FINISHED,00:43:02.0
J1_5620_3111,FINISHED,00:17:24.0
J1_10315_3111,FINISHED,13:02:57.0
J1_10406_3111,FINISHED,01:11:41.0
J1_9754_3111,FINISHED,00:10:21.0
J1_10019_3111,FINISHED,01:08:50.0
J1_10123_3111,ERROR,06:07:08.0
J1_10285_3111,FINISHED,00:47:55.0
J1_10405_3111,FINISHED,01:07:24.0
J1_10042_3111,FINISHED,01:09:47.0
J1_6659_3111,FINISHED,00:06:53.0
J1_9911_3111,FINISHED,00:52:12.0
J1_423_3111,FINISHED,00:01:21.0
J1_10277_3111,FINISHED,00:54:16.0
J1_9860_3111,FINISHED,00:45:57.0
J1_10357_3111,FINISHED,01:02:56.0
J1_10144_3111,FINISHED,02:23:30.0
J1_9828_3111,FINISHED,01:17:27.0
J1_9942_3111,FINISHED,01:00:58.0
J1_10445_3111,FINISHED,03:29:52.0
J1_10166_3111,FINISHED,00:37:54.0
J1_10232_3111,FINISHED,00:43:53.0
J1_10027_3111,FINISHED,00:56:12.0
J1_10207_3111,FINISHED,00:28:24.0
J1_10327_3111,FINISHED,01:14:46.0
J1_4982_3111,FINISHED,00:21:21.0
J1_10437_3111,FINISHED,01:09:06.0
J1_10312_3111,FINISHED,00:36:53.0
J1_10134_3111,FINISHED,00:51:14.0
J1_10360_3111,FINISHED,02:55:29.0
J1_7947_3111,FINISHED,00:15:57.0
J1_10500_3111,FINISHED,00:56:47.0
J1_10397_3111,FINISHED,02:21:40.0
J1_10237_3111,FINISHED,02:59:54.0
J1_10262_3111,FINISHED,01:14:51.0
J1_10146_3111,FINISHED,00:54:06.0
J1_9999_3111,FINISHED,01:35:51.0
J1_10310_3111,FINISHED,01:57:04.0
J1_10267_3111,FINISHED,01:56:28.0
J1_8350_3111,FINISHED,00:04:53.0
J1_10542_3111,FINISHED,01:15:02.0
J1_4639_3111,FINISHED,00:24:06.0
J1_10177_3111,FINISHED,00:56:30.0
J1_10306_3111,FINISHED,03:02:39.0
J1_9743_3111,FINISHED,00:25:59.0
J1_10520_3111,FINISHED,00:55:24.0
J1_9909_3111,FINISHED,00:47:24.0
J1_10150_3111,FINISHED,01:52:05.0
J1_10160_2111,FINISHED,02:10:57.0
J1_9938_3111,FINISHED,00:46:42.0
J1_10457_3111,FINISHED,01:20:59.0
J1_9888_3111,FINISHED,01:36:35.0
J1_10031_3111,FINISHED,00:39:44.0
J1_10398_3111,FINISHED,01:03:32.0
J1_9833_3111,FINISHED,00:38:04.0
J1_10366_3111,FINISHED,00:48:13.0
J1_10219_3111,FINISHED,00:40:20.0
J1_4949_3111,FINISHED,00:00:53.0
J1_1725_3111,FINISHED,00:15:24.0
J1_9831_3111,FINISHED,00:57:35.0
J1_9925_3111,FINISHED,00:35:20.0
J1_10388_3111,FINISHED,02:07:19.0
J1_9924_3111,FINISHED,01:21:18.0
J1_10481_3111,FINISHED,04:46:45.0
J1_10174_3111,FINISHED,00:52:09.0
J1_10107_3111,FINISHED,01:24:23.0
J1_10017_3111,FINISHED,01:40:36.0
J1_10151_3111,FINISHED,01:05:59.0
J1_10094_3111,FINISHED,07:42:07.0
J1_10172_3111,FINISHED,01:25:11.0
J1_8887_3111,FINISHED,00:02:11.0
J1_10452_3111,FINISHED,00:55:19.0
J1_10423_3111,FINISHED,00:43:24.0
J1_9859_3111,FINISHED,01:04:42.0
J1_10508_3111,FINISHED,01:25:57.0
J1_10554_3111,FINISHED,00:40:37.0
J1_10141_3111,FINISHED,00:33:30.0
J1_10352_3111,FINISHED,00:36:38.0
J1_3217_3111,FINISHED,00:00:55.0
J1_4075_3111,FINISHED,00:37:21.0
J1_1825_3111,FINISHED,00:12:07.0
J1_10280_2111,FINISHED,02:01:34.0
J1_4844_3111,FINISHED,00:20:42.0
J1_10188_3111,FINISHED,02:07:19.0
J1_9844_3111,FINISHED,00:43:28.0
J1_9767_3111,FINISHED,00:19:53.0
J1_10372_3111,FINISHED,01:04:50.0
J1_10573_3111,FINISHED,02:27:28.0
J1_2677_3111,FINISHED,00:03:34.0
J1_2992_3111,FINISHED,00:06:45.0
J1_9969_3111,FINISHED,01:12:43.0
J1_10081_3111,FINISHED,00:56:30.0
J1_10319_3111,FINISHED,01:21:04.0
J1_3590_3111,FINISHED,00:27:17.0
J1_9819_3111,FINISHED,01:04:32.0
J1_9791_3111,FINISHED,00:06:38.0
J1_9879_3111,FINISHED,02:25:23.0
J1_10109_3111,FINISHED,00:39:21.0
J1_10060_3111,FINISHED,00:36:14.0
J1_9892_3111,FINISHED,00:56:14.0
J1_10163_3111,ERROR,02:16:16.0
J1_1894_3111,FINISHED,00:02:30.0
J1_9963_3111,FINISHED,01:00:40.0
J1_10243_3111,FINISHED,01:17:26.0
J1_9776_3111,FINISHED,00:10:52.0
J1_10206_2111,FINISHED,05:28:43.0
J1_10512_3111,FINISHED,00:57:00.0
J1_10212_2111,FINISHED,00:31:42.0
J1_10143_3111,FINISHED,00:26:48.0
J1_470_3111,FINISHED,00:00:59.0
J1_10549_3111,FINISHED,00:59:58.0
J1_10255_3111,FINISHED,01:41:56.0
J1_9869_3111,FINISHED,00:51:25.0
J1_10126_3111,ERROR,04:39:15.0
J1_10276_3111,FINISHED,00:52:24.0
J1_10548_3111,FINISHED,01:13:40.0
J1_10290_3111,FINISHED,01:39:09.0
J1_9827_3111,FINISHED,00:41:15.0
J1_10303_3111,FINISHED,01:00:40.0
J1_10375_3111,FINISHED,01:26:02.0
J1_10392_3111,FINISHED,01:45:27.0
J1_618_3111,FINISHED,00:04:12.0
J1_10316_3111,FINISHED,00:53:52.0
J1_10072_3111,FINISHED,00:38:46.0
J1_10475_3111,FINISHED,01:54:34.0
J1_10056_3111,FINISHED,02:22:06.0
J1_9975_3111,FINISHED,00:35:04.0
J1_10135_3111,FINISHED,00:50:30.0
J1_10513_3111,FINISHED,01:03:17.0
J1_5341_3111,FINISHED,00:22:37.0
J1_3568_3111,FINISHED,00:26:34.0
J1_9814_3111,FINISHED,00:58:02.0
J1_10158_3111,FINISHED,01:13:50.0
J1_10521_3111,FINISHED,00:40:03.0
J1_1430_3111,FINISHED,00:11:00.0
J1_9820_3111,FINISHED,00:56:16.0
J1_10431_3111,FINISHED,00:40:03.0
J1_9935_2111,FINISHED,00:35:23.0
J1_7440_3111,FINISHED,00:19:32.0
J1_10320_3111,FINISHED,01:06:25.0
J1_9953_3111,FINISHED,01:07:47.0
J1_10503_3111,FINISHED,01:00:40.0
J1_10374_3111,FINISHED,00:38:06.0
J1_10192_3111,FINISHED,01:12:29.0
J1_10133_3111,FINISHED,00:51:31.0
J1_8273_3111,FINISHED,00:00:38.0
J1_10543_3111,FINISHED,01:11:31.0
J1_9764_3111,FINISHED,00:11:52.0
J1_10052_3111,FINISHED,00:40:40.0
J1_10209_3111,FINISHED,01:20:15.0
J1_10176_3111,FINISHED,01:38:04.0
J1_9772_3111,FINISHED,00:12:25.0
J1_4688_3111,FINISHED,00:20:31.0
J1_10446_2111,FINISHED,03:12:54.0
J1_9834_3111,FINISHED,01:24:50.0
J1_10370_3111,FINISHED,01:01:56.0
J1_10004_3111,FINISHED,00:55:57.0
J1_10301_3111,FINISHED,01:10:11.0
J1_10389_3111,FINISHED,01:09:08.0
J1_10567_3111,FINISHED,00:56:45.0
J1_10525_3111,FINISHED,01:41:33.0
J1_9872_3111,FINISHED,01:14:44.0
J1_10519_3111,FINISHED,00:57:09.0
J1_3514_3111,FINISHED,00:05:21.0
J1_9880_3111,FINISHED,02:15:42.0
J1_10062_3111,FINISHED,00:58:49.0
J1_10408_2111,FINISHED,04:31:45.0
J1_9789_3111,FINISHED,00:11:24.0
J1_10058_3111,FINISHED,02:56:46.0
J1_10045_3111,FINISHED,00:47:54.0
J1_10137_3111,FINISHED,00:58:34.0
J1_10214_3111,FINISHED,00:47:54.0
J1_2508_3111,FINISHED,00:02:25.0
J1_10459_3111,FINISHED,11:59:45.0
J1_9881_2111,FINISHED,00:59:26.0
J1_10189_3111,FINISHED,01:42:03.0
J1_9418_3111,FINISHED,00:17:21.0
J1_10351_3111,FINISHED,00:48:42.0
J1_2241_3111,FINISHED,00:21:30.0
J1_10104_2111,FINISHED,00:32:43.0
J1_10024_2111,FINISHED,03:42:11.0
J1_10095_3111,FINISHED,01:23:05.0
J1_9941_3111,FINISHED,00:55:49.0
J1_10131_3111,FINISHED,01:03:14.0
J1_873_3111,FINISHED,00:20:20.0
J1_6244_3111,FINISHED,00:22:27.0
J1_10494_3111,FINISHED,00:55:30.0
J1_2657_3111,FINISHED,00:23:09.0
J1_10286_2111,FINISHED,01:54:56.0
J1_5772_3111,FINISHED,00:02:26.0
J1_9758_3111,FINISHED,00:11:41.0
J1_6827_3111,FINISHED,00:18:01.0
J1_187_3111,FINISHED,00:01:59.0
J1_9991_3111,FINISHED,00:52:37.0
J1_6220_3111,FINISHED,00:03:13.0
J1_10329_3111,FINISHED,00:51:05.0
J1_10533_3111,FINISHED,01:25:03.0
J1_10098_3111,FINISHED,00:56:12.0
J1_10373_3111,FINISHED,01:10:02.0
J1_8743_3111,FINISHED,00:04:08.0
J1_10173_3111,FINISHED,01:20:11.0
J1_10251_3111,FINISHED,01:30:29.0
J1_9751_3111,FINISHED,00:26:04.0
J1_6427_3111,FINISHED,01:11:03.0
J1_10386_2111,FINISHED,02:06:10.0
J1_1888_3111,FINISHED,00:02:16.0
